Image,Class
image3630.jpg,Miscellaneous
image2246.jpg,Miscellaneous
image8295.jpg,Miscellaneous
image4178.jpg,Miscellaneous
image1457.jpg,Miscellaneous
image2320.jpg,Miscellaneous
image2756.jpg,Miscellaneous
image1160.jpg,Snowman
image8669.jpg,Miscellaneous
image4481.jpg,Miscellaneous
image7660.jpg,Miscellaneous
image8785.jpg,Miscellaneous
image4895.jpg,Miscellaneous
image4853.jpg,Miscellaneous
image3451.jpg,Miscellaneous
image2688.jpg,Miscellaneous
image6959.jpg,Miscellaneous
image1188.jpg,Miscellaneous
image9153.jpg,Miscellaneous
image302.jpg,Miscellaneous
image2675.jpg,Miscellaneous
image1461.jpg,Miscellaneous
image5311.jpg,Miscellaneous
image429.jpg,Miscellaneous
image5063.jpg,Miscellaneous
image1821.jpg,Miscellaneous
image8660.jpg,Miscellaneous
image4175.jpg,Miscellaneous
image4994.jpg,Miscellaneous
image244.jpg,Miscellaneous
image5774.jpg,Miscellaneous
image6057.jpg,Miscellaneous
image4223.jpg,Christmas_Tree
image4827.jpg,Miscellaneous
image4184.jpg,Miscellaneous
image5107.jpg,Miscellaneous
image3409.jpg,Miscellaneous
image3343.jpg,Miscellaneous
image1472.jpg,Miscellaneous
image1228.jpg,Christmas_Tree
image6234.jpg,Miscellaneous
image5529.jpg,Miscellaneous
image8291.jpg,Miscellaneous
image1551.jpg,Miscellaneous
image4257.jpg,Miscellaneous
image5427.jpg,Miscellaneous
image1625.jpg,Christmas_Tree
image5391.jpg,Miscellaneous
image9232.jpg,Miscellaneous
image971.jpg,Miscellaneous
image6711.jpg,Miscellaneous
image4340.jpg,Miscellaneous
image4476.jpg,Miscellaneous
image4598.jpg,Miscellaneous
image3523.jpg,Miscellaneous
image9439.jpg,Miscellaneous
image1138.jpg,Miscellaneous
image1470.jpg,Christmas_Tree
image9163.jpg,Miscellaneous
image6278.jpg,Miscellaneous
image739.jpg,Miscellaneous
image9640.jpg,Miscellaneous
image8750.jpg,Christmas_Tree
image8933.jpg,Miscellaneous
image5179.jpg,Miscellaneous
image4030.jpg,Miscellaneous
image8117.jpg,Miscellaneous
image3441.jpg,Miscellaneous
image9209.jpg,Miscellaneous
image3235.jpg,Christmas_Tree
image4561.jpg,Miscellaneous
image9107.jpg,Miscellaneous
image2200.jpg,Miscellaneous
image5629.jpg,Miscellaneous
image1193.jpg,Miscellaneous
image571.jpg,Miscellaneous
image7842.jpg,Miscellaneous
image2872.jpg,Miscellaneous
image7403.jpg,Miscellaneous
image9662.jpg,Miscellaneous
image4107.jpg,Miscellaneous
image4560.jpg,Miscellaneous
image2687.jpg,Miscellaneous
image5299.jpg,Miscellaneous
image110.jpg,Miscellaneous
image1359.jpg,Miscellaneous
image8071.jpg,Miscellaneous
image8300.jpg,Miscellaneous
image8596.jpg,Miscellaneous
image9372.jpg,Miscellaneous
image3743.jpg,Miscellaneous
image9217.jpg,Miscellaneous
image6588.jpg,Miscellaneous
image3831.jpg,Miscellaneous
image5098.jpg,Miscellaneous
image6772.jpg,Jacket
image5608.jpg,Miscellaneous
image3430.jpg,Miscellaneous
image1772.jpg,Miscellaneous
image7863.jpg,Miscellaneous
image5537.jpg,Miscellaneous
image2019.jpg,Miscellaneous
image4016.jpg,Miscellaneous
image522.jpg,Miscellaneous
image881.jpg,Miscellaneous
image8711.jpg,Miscellaneous
image6675.jpg,Miscellaneous
image6152.jpg,Miscellaneous
image7922.jpg,Miscellaneous
image1491.jpg,Miscellaneous
image3546.jpg,Miscellaneous
image1205.jpg,Jacket
image2562.jpg,Miscellaneous
image5386.jpg,Miscellaneous
image1350.jpg,Miscellaneous
image6015.jpg,Miscellaneous
image5617.jpg,Miscellaneous
image7754.jpg,Miscellaneous
image45.jpg,Miscellaneous
image2135.jpg,Miscellaneous
image8824.jpg,Miscellaneous
image9007.jpg,Miscellaneous
image8952.jpg,Miscellaneous
image2127.jpg,Miscellaneous
image1987.jpg,Miscellaneous
image1613.jpg,Miscellaneous
image7029.jpg,Miscellaneous
image624.jpg,Miscellaneous
image5027.jpg,Miscellaneous
image3243.jpg,Miscellaneous
image7178.jpg,Miscellaneous
image8611.jpg,Miscellaneous
image6164.jpg,Miscellaneous
image176.jpg,Jacket
image8545.jpg,Miscellaneous
image160.jpg,Miscellaneous
image2282.jpg,Jacket
image5363.jpg,Miscellaneous
image3991.jpg,Miscellaneous
image8361.jpg,Miscellaneous
image1462.jpg,Miscellaneous
image1080.jpg,Miscellaneous
image7347.jpg,Miscellaneous
image4757.jpg,Miscellaneous
image3574.jpg,Miscellaneous
image3171.jpg,Miscellaneous
image7761.jpg,Miscellaneous
image6337.jpg,Miscellaneous
image5977.jpg,Miscellaneous
image3771.jpg,Miscellaneous
image8109.jpg,Miscellaneous
image2326.jpg,Miscellaneous
image6644.jpg,Miscellaneous
image2852.jpg,Miscellaneous
image7240.jpg,Miscellaneous
image1392.jpg,Miscellaneous
image7924.jpg,Miscellaneous
image7883.jpg,Miscellaneous
image2230.jpg,Miscellaneous
image4409.jpg,Miscellaneous
image6815.jpg,Miscellaneous
image8784.jpg,Miscellaneous
image5167.jpg,Miscellaneous
image182.jpg,Miscellaneous
image2699.jpg,Miscellaneous
image8512.jpg,Miscellaneous
image7024.jpg,Snowman
image6288.jpg,Miscellaneous
image4535.jpg,Miscellaneous
image7365.jpg,Miscellaneous
image8981.jpg,Miscellaneous
image6663.jpg,Miscellaneous
image6616.jpg,Miscellaneous
image7681.jpg,Miscellaneous
image6352.jpg,Miscellaneous
image5410.jpg,Miscellaneous
image690.jpg,Miscellaneous
image3238.jpg,Miscellaneous
image8401.jpg,Miscellaneous
image7901.jpg,Miscellaneous
image1487.jpg,Miscellaneous
image26.jpg,Miscellaneous
image867.jpg,Miscellaneous
image720.jpg,Miscellaneous
image8263.jpg,Miscellaneous
image4625.jpg,Miscellaneous
image214.jpg,Miscellaneous
image5967.jpg,Miscellaneous
image5606.jpg,Miscellaneous
image6793.jpg,Miscellaneous
image8051.jpg,Miscellaneous
image8859.jpg,Miscellaneous
image32.jpg,Miscellaneous
image1024.jpg,Miscellaneous
image1731.jpg,Miscellaneous
image2309.jpg,Miscellaneous
image4187.jpg,Miscellaneous
image4075.jpg,Miscellaneous
image4558.jpg,Miscellaneous
image685.jpg,Miscellaneous
image9131.jpg,Miscellaneous
image5889.jpg,Miscellaneous
image1962.jpg,Miscellaneous
image4382.jpg,Miscellaneous
image6944.jpg,Miscellaneous
image8558.jpg,Miscellaneous
image4784.jpg,Miscellaneous
image900.jpg,Miscellaneous
image4501.jpg,Miscellaneous
image327.jpg,Miscellaneous
image5589.jpg,Miscellaneous
image1900.jpg,Miscellaneous
image2991.jpg,Miscellaneous
image3374.jpg,Jacket
image8231.jpg,Miscellaneous
image3038.jpg,Miscellaneous
image596.jpg,Christmas_Tree
image6040.jpg,Miscellaneous
image8754.jpg,Miscellaneous
image9419.jpg,Miscellaneous
image3340.jpg,Airplane
image456.jpg,Miscellaneous
image7938.jpg,Miscellaneous
image4543.jpg,Miscellaneous
image9266.jpg,Miscellaneous
image750.jpg,Miscellaneous
image5101.jpg,Miscellaneous
image8525.jpg,Miscellaneous
image2931.jpg,Miscellaneous
image2488.jpg,Miscellaneous
image2329.jpg,Miscellaneous
image9535.jpg,Miscellaneous
image9436.jpg,Miscellaneous
image2022.jpg,Miscellaneous
image9019.jpg,Miscellaneous
image5117.jpg,Miscellaneous
image8420.jpg,Miscellaneous
image2515.jpg,Miscellaneous
image5472.jpg,Miscellaneous
image683.jpg,Miscellaneous
image1439.jpg,Miscellaneous
image2669.jpg,Miscellaneous
image3436.jpg,Miscellaneous
image2068.jpg,Miscellaneous
image9839.jpg,Miscellaneous
image4504.jpg,Miscellaneous
image7926.jpg,Miscellaneous
image8296.jpg,Miscellaneous
image333.jpg,Miscellaneous
image8446.jpg,Miscellaneous
image8597.jpg,Miscellaneous
image6542.jpg,Miscellaneous
image3202.jpg,Miscellaneous
image2807.jpg,Miscellaneous
image7158.jpg,Miscellaneous
image5087.jpg,Miscellaneous
image5433.jpg,Miscellaneous
image8674.jpg,Miscellaneous
image2907.jpg,Miscellaneous
image2293.jpg,Miscellaneous
image2193.jpg,Miscellaneous
image5961.jpg,Miscellaneous
image3113.jpg,Miscellaneous
image5857.jpg,Miscellaneous
image6720.jpg,Miscellaneous
image630.jpg,Miscellaneous
image3076.jpg,Miscellaneous
image65.jpg,Miscellaneous
image1697.jpg,Miscellaneous
image9602.jpg,Miscellaneous
image8610.jpg,Miscellaneous
image7541.jpg,Miscellaneous
image255.jpg,Miscellaneous
image4039.jpg,Miscellaneous
image8319.jpg,Miscellaneous
image4369.jpg,Miscellaneous
image7537.jpg,Miscellaneous
image4445.jpg,Miscellaneous
image3581.jpg,Miscellaneous
image5467.jpg,Miscellaneous
image4478.jpg,Miscellaneous
image6760.jpg,Miscellaneous
image6754.jpg,Miscellaneous
image6994.jpg,Miscellaneous
image1682.jpg,Miscellaneous
image7378.jpg,Miscellaneous
image5232.jpg,Airplane
image1262.jpg,Miscellaneous
image2401.jpg,Miscellaneous
image7206.jpg,Miscellaneous
image44.jpg,Miscellaneous
image6932.jpg,Miscellaneous
image1605.jpg,Miscellaneous
image8833.jpg,Miscellaneous
image3120.jpg,Miscellaneous
image8186.jpg,Miscellaneous
image9258.jpg,Miscellaneous
image9224.jpg,Miscellaneous
image6317.jpg,Miscellaneous
image2611.jpg,Miscellaneous
image6666.jpg,Miscellaneous
image9030.jpg,Miscellaneous
image6347.jpg,Miscellaneous
image6472.jpg,Miscellaneous
image8280.jpg,Miscellaneous
image7656.jpg,Miscellaneous
image4523.jpg,Miscellaneous
image4748.jpg,Miscellaneous
image5559.jpg,Miscellaneous
image7368.jpg,Miscellaneous
image778.jpg,Miscellaneous
image5394.jpg,Miscellaneous
image1822.jpg,Miscellaneous
image4253.jpg,Miscellaneous
image1173.jpg,Miscellaneous
image5070.jpg,Candle
image1611.jpg,Miscellaneous
image59.jpg,Miscellaneous
image4352.jpg,Miscellaneous
image6502.jpg,Miscellaneous
image6746.jpg,Christmas_Tree
image1204.jpg,Miscellaneous
image8472.jpg,Miscellaneous
image7892.jpg,Miscellaneous
image4313.jpg,Miscellaneous
image9707.jpg,Miscellaneous
image1032.jpg,Miscellaneous
image8256.jpg,Miscellaneous
image4134.jpg,Miscellaneous
image4618.jpg,Candle
image4712.jpg,Miscellaneous
image4514.jpg,Miscellaneous
image960.jpg,Miscellaneous
image2413.jpg,Miscellaneous
image1371.jpg,Miscellaneous
image1943.jpg,Miscellaneous
image9018.jpg,Miscellaneous
image8883.jpg,Miscellaneous
image3722.jpg,Christmas_Tree
image9718.jpg,Miscellaneous
image3440.jpg,Miscellaneous
image357.jpg,Miscellaneous
image1560.jpg,Miscellaneous
image7814.jpg,Miscellaneous
image8288.jpg,Miscellaneous
image1714.jpg,Miscellaneous
image8650.jpg,Miscellaneous
image5662.jpg,Miscellaneous
image4532.jpg,Miscellaneous
image5600.jpg,Airplane
image6802.jpg,Miscellaneous
image5839.jpg,Miscellaneous
image1545.jpg,Miscellaneous
image2890.jpg,Miscellaneous
image1807.jpg,Miscellaneous
image5442.jpg,Miscellaneous
image2201.jpg,Miscellaneous
image9499.jpg,Miscellaneous
image6451.jpg,Miscellaneous
image4866.jpg,Miscellaneous
image6107.jpg,Miscellaneous
image1702.jpg,Miscellaneous
image1095.jpg,Miscellaneous
image3223.jpg,Miscellaneous
image8771.jpg,Miscellaneous
image7711.jpg,Miscellaneous
image2158.jpg,Miscellaneous
image6277.jpg,Miscellaneous
image2349.jpg,Miscellaneous
image8149.jpg,Miscellaneous
image5646.jpg,Miscellaneous
image6349.jpg,Airplane
image1265.jpg,Miscellaneous
image4067.jpg,Miscellaneous
image8749.jpg,Miscellaneous
image1842.jpg,Miscellaneous
image5581.jpg,Miscellaneous
image9951.jpg,Miscellaneous
image5940.jpg,Miscellaneous
image8569.jpg,Miscellaneous
image8217.jpg,Miscellaneous
image4567.jpg,Miscellaneous
image4580.jpg,Miscellaneous
image2869.jpg,Miscellaneous
image7053.jpg,Miscellaneous
image4374.jpg,Miscellaneous
image2727.jpg,Miscellaneous
image241.jpg,Miscellaneous
image2232.jpg,Miscellaneous
image8551.jpg,Miscellaneous
image5926.jpg,Miscellaneous
image929.jpg,Miscellaneous
image9874.jpg,Miscellaneous
image2747.jpg,Miscellaneous
image1855.jpg,Miscellaneous
image7235.jpg,Miscellaneous
image6052.jpg,Miscellaneous
image3124.jpg,Miscellaneous
image3880.jpg,Miscellaneous
image6365.jpg,Miscellaneous
image4201.jpg,Miscellaneous
image6392.jpg,Miscellaneous
image9059.jpg,Miscellaneous
image3422.jpg,Miscellaneous
image3707.jpg,Miscellaneous
image988.jpg,Miscellaneous
image2603.jpg,Miscellaneous
image3971.jpg,Miscellaneous
image7437.jpg,Miscellaneous
image3365.jpg,Miscellaneous
image4541.jpg,Miscellaneous
image3230.jpg,Miscellaneous
image2483.jpg,Miscellaneous
image9532.jpg,Airplane
image2388.jpg,Miscellaneous
image9347.jpg,Miscellaneous
image4174.jpg,Miscellaneous
image569.jpg,Miscellaneous
image9312.jpg,Miscellaneous
image3720.jpg,Miscellaneous
image5040.jpg,Miscellaneous
image6661.jpg,Miscellaneous
image2484.jpg,Miscellaneous
image7835.jpg,Miscellaneous
image507.jpg,Miscellaneous
image2370.jpg,Miscellaneous
image7851.jpg,Miscellaneous
image9157.jpg,Miscellaneous
image8962.jpg,Miscellaneous
image2003.jpg,Airplane
image8376.jpg,Miscellaneous
image97.jpg,Miscellaneous
image9673.jpg,Miscellaneous
image9231.jpg,Miscellaneous
image9656.jpg,Miscellaneous
image2463.jpg,Miscellaneous
image1496.jpg,Airplane
image119.jpg,Miscellaneous
image9687.jpg,Miscellaneous
image9248.jpg,Miscellaneous
image8363.jpg,Miscellaneous
image2796.jpg,Miscellaneous
image5343.jpg,Miscellaneous
image6307.jpg,Miscellaneous
image1795.jpg,Miscellaneous
image6702.jpg,Miscellaneous
image4195.jpg,Miscellaneous
image8534.jpg,Miscellaneous
image6203.jpg,Miscellaneous
image2621.jpg,Miscellaneous
image7166.jpg,Miscellaneous
image860.jpg,Miscellaneous
image2803.jpg,Jacket
image6231.jpg,Miscellaneous
image6683.jpg,Miscellaneous
image2922.jpg,Jacket
image9835.jpg,Miscellaneous
image8600.jpg,Miscellaneous
image1182.jpg,Jacket
image577.jpg,Miscellaneous
image4376.jpg,Candle
image6147.jpg,Miscellaneous
image3001.jpg,Miscellaneous
image6731.jpg,Miscellaneous
image9926.jpg,Miscellaneous
image796.jpg,Miscellaneous
image3089.jpg,Miscellaneous
image2060.jpg,Christmas_Tree
image2054.jpg,Snowman
image108.jpg,Miscellaneous
image4575.jpg,Miscellaneous
image4583.jpg,Miscellaneous
image8565.jpg,Miscellaneous
image8645.jpg,Miscellaneous
image9408.jpg,Snowman
image5561.jpg,Miscellaneous
image8306.jpg,Miscellaneous
image3764.jpg,Miscellaneous
image4505.jpg,Miscellaneous
image9012.jpg,Miscellaneous
image2198.jpg,Miscellaneous
image3620.jpg,Miscellaneous
image9668.jpg,Miscellaneous
image2167.jpg,Miscellaneous
image4941.jpg,Miscellaneous
image875.jpg,Miscellaneous
image2982.jpg,Miscellaneous
image5165.jpg,Miscellaneous
image3330.jpg,Miscellaneous
image8668.jpg,Miscellaneous
image8662.jpg,Miscellaneous
image4761.jpg,Miscellaneous
image5026.jpg,Miscellaneous
image9609.jpg,Miscellaneous
image2856.jpg,Miscellaneous
image2088.jpg,Miscellaneous
image2605.jpg,Miscellaneous
image5226.jpg,Miscellaneous
image3534.jpg,Miscellaneous
image8368.jpg,Miscellaneous
image8582.jpg,Miscellaneous
image9751.jpg,Miscellaneous
image2840.jpg,Miscellaneous
image8666.jpg,Miscellaneous
image9116.jpg,Miscellaneous
image1049.jpg,Miscellaneous
image6613.jpg,Miscellaneous
image9554.jpg,Miscellaneous
image2857.jpg,Miscellaneous
image5345.jpg,Miscellaneous
image9616.jpg,Miscellaneous
image3096.jpg,Miscellaneous
image6171.jpg,Miscellaneous
image1447.jpg,Miscellaneous
image3932.jpg,Miscellaneous
image1358.jpg,Miscellaneous
image4971.jpg,Miscellaneous
image1983.jpg,Miscellaneous
image9386.jpg,Miscellaneous
image2256.jpg,Miscellaneous
image5836.jpg,Miscellaneous
image3990.jpg,Miscellaneous
image9145.jpg,Miscellaneous
image6529.jpg,Miscellaneous
image1148.jpg,Miscellaneous
image7129.jpg,Miscellaneous
image382.jpg,Miscellaneous
image1622.jpg,Miscellaneous
image2374.jpg,Jacket
image6749.jpg,Miscellaneous
image9027.jpg,Miscellaneous
image6907.jpg,Miscellaneous
image4529.jpg,Miscellaneous
image2594.jpg,Miscellaneous
image5289.jpg,Jacket
image7587.jpg,Jacket
image7649.jpg,Miscellaneous
image8809.jpg,Miscellaneous
image4776.jpg,Jacket
image9719.jpg,Snowman
image7138.jpg,Miscellaneous
image9544.jpg,Miscellaneous
image5342.jpg,Jacket
image1666.jpg,Miscellaneous
image6871.jpg,Miscellaneous
image5723.jpg,Jacket
image9344.jpg,Miscellaneous
image9941.jpg,Miscellaneous
image2935.jpg,Miscellaneous
image7181.jpg,Miscellaneous
image5715.jpg,Miscellaneous
image1483.jpg,Miscellaneous
image6986.jpg,Miscellaneous
image8025.jpg,Miscellaneous
image4138.jpg,Miscellaneous
image86.jpg,Miscellaneous
image3954.jpg,Miscellaneous
image9124.jpg,Miscellaneous
image165.jpg,Miscellaneous
image9757.jpg,Miscellaneous
image6728.jpg,Miscellaneous
image1222.jpg,Miscellaneous
image3738.jpg,Christmas_Tree
image4328.jpg,Miscellaneous
image9635.jpg,Miscellaneous
image418.jpg,Miscellaneous
image9190.jpg,Miscellaneous
image7550.jpg,Miscellaneous
image6707.jpg,Miscellaneous
image7763.jpg,Miscellaneous
image8836.jpg,Miscellaneous
image5362.jpg,Miscellaneous
image10.jpg,Miscellaneous
image2153.jpg,Miscellaneous
image6067.jpg,Miscellaneous
image7109.jpg,Miscellaneous
image2576.jpg,Miscellaneous
image5045.jpg,Miscellaneous
image7967.jpg,Miscellaneous
image7539.jpg,Miscellaneous
image218.jpg,Miscellaneous
image7688.jpg,Jacket
image2452.jpg,Miscellaneous
image3565.jpg,Miscellaneous
image7666.jpg,Miscellaneous
image7290.jpg,Miscellaneous
image2384.jpg,Miscellaneous
image8017.jpg,Miscellaneous
image8238.jpg,Jacket
image3519.jpg,Miscellaneous
image3938.jpg,Miscellaneous
image2630.jpg,Miscellaneous
image7590.jpg,Miscellaneous
image733.jpg,Miscellaneous
image8271.jpg,Jacket
image3073.jpg,Miscellaneous
image3329.jpg,Miscellaneous
image8111.jpg,Miscellaneous
image6877.jpg,Miscellaneous
image661.jpg,Jacket
image5133.jpg,Jacket
image7566.jpg,Miscellaneous
image9939.jpg,Jacket
image225.jpg,Jacket
image3484.jpg,Miscellaneous
image2142.jpg,Miscellaneous
image5123.jpg,Miscellaneous
image245.jpg,Miscellaneous
image3952.jpg,Miscellaneous
image6682.jpg,Miscellaneous
image4631.jpg,Miscellaneous
image3295.jpg,Miscellaneous
image7446.jpg,Miscellaneous
image3079.jpg,Miscellaneous
image3326.jpg,Miscellaneous
image8778.jpg,Miscellaneous
image7505.jpg,Miscellaneous
image6004.jpg,Miscellaneous
image4018.jpg,Miscellaneous
image4465.jpg,Miscellaneous
image2457.jpg,Miscellaneous
image6143.jpg,Christmas_Tree
image6526.jpg,Miscellaneous
image3219.jpg,Miscellaneous
image5267.jpg,Miscellaneous
image6250.jpg,Miscellaneous
image2960.jpg,Miscellaneous
image5065.jpg,Miscellaneous
image5901.jpg,Miscellaneous
image508.jpg,Miscellaneous
image9187.jpg,Miscellaneous
image1618.jpg,Miscellaneous
image8015.jpg,Miscellaneous
image4807.jpg,Miscellaneous
image5458.jpg,Miscellaneous
image8756.jpg,Miscellaneous
image1953.jpg,Miscellaneous
image4322.jpg,Miscellaneous
image5621.jpg,Miscellaneous
image1737.jpg,Miscellaneous
image206.jpg,Miscellaneous
image5354.jpg,Christmas_Tree
image8823.jpg,Miscellaneous
image5024.jpg,Miscellaneous
image5661.jpg,Miscellaneous
image6064.jpg,Christmas_Tree
image4694.jpg,Miscellaneous
image6719.jpg,Miscellaneous
image4850.jpg,Miscellaneous
image8440.jpg,Miscellaneous
image4004.jpg,Miscellaneous
image1522.jpg,Miscellaneous
image7057.jpg,Miscellaneous
image2632.jpg,Miscellaneous
image3129.jpg,Miscellaneous
image7283.jpg,Miscellaneous
image3826.jpg,Jacket
image8183.jpg,Miscellaneous
image9084.jpg,Miscellaneous
image1890.jpg,Miscellaneous
image9579.jpg,Miscellaneous
image5719.jpg,Christmas_Tree
image4464.jpg,Miscellaneous
image5316.jpg,Miscellaneous
image9876.jpg,Miscellaneous
image3748.jpg,Miscellaneous
image7481.jpg,Miscellaneous
image8905.jpg,Snowman
image987.jpg,Miscellaneous
image2682.jpg,Miscellaneous
image8726.jpg,Miscellaneous
image6834.jpg,Miscellaneous
image2137.jpg,Miscellaneous
image2945.jpg,Miscellaneous
image6280.jpg,Miscellaneous
image8096.jpg,Miscellaneous
image146.jpg,Miscellaneous
image8802.jpg,Miscellaneous
image4243.jpg,Miscellaneous
image2732.jpg,Miscellaneous
image2848.jpg,Miscellaneous
image3962.jpg,Miscellaneous
image6125.jpg,Miscellaneous
image5049.jpg,Miscellaneous
image3118.jpg,Miscellaneous
image1368.jpg,Miscellaneous
image2500.jpg,Miscellaneous
image6499.jpg,Miscellaneous
image7117.jpg,Miscellaneous
image2305.jpg,Miscellaneous
image8829.jpg,Miscellaneous
image4114.jpg,Snowman
image3925.jpg,Miscellaneous
image3822.jpg,Miscellaneous
image4596.jpg,Miscellaneous
image1130.jpg,Miscellaneous
image2295.jpg,Miscellaneous
image7308.jpg,Miscellaneous
image6235.jpg,Miscellaneous
image871.jpg,Miscellaneous
image4800.jpg,Miscellaneous
image7390.jpg,Miscellaneous
image394.jpg,Miscellaneous
image2748.jpg,Miscellaneous
image2297.jpg,Miscellaneous
image5970.jpg,Miscellaneous
image6962.jpg,Miscellaneous
image5927.jpg,Miscellaneous
image1355.jpg,Miscellaneous
image6336.jpg,Miscellaneous
image94.jpg,Miscellaneous
image1298.jpg,Miscellaneous
image3974.jpg,Miscellaneous
image8904.jpg,Miscellaneous
image8847.jpg,Miscellaneous
image1889.jpg,Miscellaneous
image8458.jpg,Miscellaneous
image7610.jpg,Miscellaneous
image5666.jpg,Miscellaneous
image2183.jpg,Miscellaneous
image3501.jpg,Christmas_Tree
image1121.jpg,Miscellaneous
image1765.jpg,Snowman
image7900.jpg,Miscellaneous
image392.jpg,Miscellaneous
image7958.jpg,Miscellaneous
image9607.jpg,Miscellaneous
image5287.jpg,Miscellaneous
image2571.jpg,Miscellaneous
image2081.jpg,Miscellaneous
image7032.jpg,Miscellaneous
image786.jpg,Miscellaneous
image228.jpg,Miscellaneous
image4145.jpg,Miscellaneous
image5161.jpg,Miscellaneous
image9575.jpg,Miscellaneous
image6264.jpg,Miscellaneous
image5283.jpg,Miscellaneous
image9513.jpg,Miscellaneous
image7749.jpg,Miscellaneous
image6199.jpg,Miscellaneous
image1601.jpg,Miscellaneous
image5846.jpg,Miscellaneous
image636.jpg,Miscellaneous
image4190.jpg,Miscellaneous
image2321.jpg,Miscellaneous
image4311.jpg,Miscellaneous
image9745.jpg,Miscellaneous
image9901.jpg,Miscellaneous
image4842.jpg,Miscellaneous
image3908.jpg,Jacket
image6525.jpg,Miscellaneous
image292.jpg,Miscellaneous
image1019.jpg,Miscellaneous
image8538.jpg,Miscellaneous
image6976.jpg,Miscellaneous
image2314.jpg,Miscellaneous
image7180.jpg,Miscellaneous
image3638.jpg,Miscellaneous
image5377.jpg,Miscellaneous
image7980.jpg,Miscellaneous
image8464.jpg,Miscellaneous
image2176.jpg,Miscellaneous
image8219.jpg,Miscellaneous
image1386.jpg,Miscellaneous
image5194.jpg,Miscellaneous
image3099.jpg,Miscellaneous
image3316.jpg,Miscellaneous
image6617.jpg,Miscellaneous
image3357.jpg,Miscellaneous
image769.jpg,Miscellaneous
image2648.jpg,Christmas_Tree
image3584.jpg,Christmas_Tree
image7476.jpg,Miscellaneous
image6929.jpg,Miscellaneous
image734.jpg,Christmas_Tree
image5708.jpg,Miscellaneous
image323.jpg,Miscellaneous
image8948.jpg,Miscellaneous
image5425.jpg,Miscellaneous
image5456.jpg,Miscellaneous
image497.jpg,Miscellaneous
image3515.jpg,Miscellaneous
image8516.jpg,Miscellaneous
image2026.jpg,Miscellaneous
image9216.jpg,Miscellaneous
image647.jpg,Miscellaneous
image5707.jpg,Miscellaneous
image9529.jpg,Miscellaneous
image9956.jpg,Miscellaneous
image9220.jpg,Miscellaneous
image9015.jpg,Miscellaneous
image2696.jpg,Miscellaneous
image8100.jpg,Miscellaneous
image2866.jpg,Miscellaneous
image9239.jpg,Miscellaneous
image5805.jpg,Miscellaneous
image6514.jpg,Miscellaneous
image3097.jpg,Miscellaneous
image3456.jpg,Miscellaneous
image9057.jpg,Miscellaneous
image3928.jpg,Miscellaneous
image1854.jpg,Miscellaneous
image3879.jpg,Miscellaneous
image8691.jpg,Miscellaneous
image5464.jpg,Miscellaneous
image6937.jpg,Miscellaneous
image9042.jpg,Miscellaneous
image3724.jpg,Miscellaneous
image8515.jpg,Miscellaneous
image7971.jpg,Miscellaneous
image6021.jpg,Miscellaneous
image7414.jpg,Miscellaneous
image2863.jpg,Miscellaneous
image737.jpg,Miscellaneous
image5580.jpg,Miscellaneous
image5329.jpg,Miscellaneous
image7118.jpg,Miscellaneous
image2900.jpg,Miscellaneous
image9611.jpg,Miscellaneous
image9919.jpg,Miscellaneous
image2718.jpg,Miscellaneous
image5331.jpg,Miscellaneous
image9730.jpg,Miscellaneous
image4450.jpg,Miscellaneous
image6548.jpg,Miscellaneous
image5828.jpg,Miscellaneous
image8658.jpg,Miscellaneous
image517.jpg,Miscellaneous
image6460.jpg,Miscellaneous
image7503.jpg,Miscellaneous
image5765.jpg,Miscellaneous
image3077.jpg,Miscellaneous
image4308.jpg,Miscellaneous
image3514.jpg,Miscellaneous
image792.jpg,Miscellaneous
image9567.jpg,Miscellaneous
image4639.jpg,Miscellaneous
image5643.jpg,Miscellaneous
image6222.jpg,Miscellaneous
image1529.jpg,Miscellaneous
image2750.jpg,Miscellaneous
image4279.jpg,Miscellaneous
image1058.jpg,Miscellaneous
image9144.jpg,Snowman
image3757.jpg,Miscellaneous
image274.jpg,Miscellaneous
image3683.jpg,Miscellaneous
image5352.jpg,Miscellaneous
image9826.jpg,Miscellaneous
image8396.jpg,Miscellaneous
image5012.jpg,Miscellaneous
image280.jpg,Miscellaneous
image4441.jpg,Miscellaneous
image6540.jpg,Miscellaneous
image6153.jpg,Miscellaneous
image4323.jpg,Miscellaneous
image8002.jpg,Miscellaneous
image7402.jpg,Miscellaneous
image404.jpg,Candle
image6539.jpg,Miscellaneous
image4411.jpg,Miscellaneous
image6290.jpg,Miscellaneous
image1718.jpg,Miscellaneous
image1871.jpg,Miscellaneous
image4857.jpg,Miscellaneous
image6475.jpg,Miscellaneous
image1260.jpg,Miscellaneous
image8258.jpg,Miscellaneous
image5533.jpg,Candle
image2725.jpg,Miscellaneous
image8507.jpg,Miscellaneous
image8520.jpg,Miscellaneous
image6913.jpg,Miscellaneous
image4160.jpg,Jacket
image8770.jpg,Candle
image1422.jpg,Miscellaneous
image1140.jpg,Candle
image5848.jpg,Miscellaneous
image4836.jpg,Miscellaneous
image9927.jpg,Miscellaneous
image5153.jpg,Miscellaneous
image1724.jpg,Miscellaneous
image6389.jpg,Miscellaneous
image4626.jpg,Miscellaneous
image1073.jpg,Miscellaneous
image7828.jpg,Miscellaneous
image4246.jpg,Miscellaneous
image7722.jpg,Miscellaneous
image3217.jpg,Miscellaneous
image3996.jpg,Miscellaneous
image1045.jpg,Miscellaneous
image4358.jpg,Miscellaneous
image8301.jpg,Miscellaneous
image6580.jpg,Miscellaneous
image4555.jpg,Miscellaneous
image1048.jpg,Miscellaneous
image293.jpg,Miscellaneous
image9215.jpg,Miscellaneous
image5663.jpg,Miscellaneous
image4879.jpg,Miscellaneous
image4381.jpg,Miscellaneous
image7748.jpg,Miscellaneous
image1707.jpg,Miscellaneous
image7534.jpg,Miscellaneous
image3049.jpg,Candle
image6610.jpg,Miscellaneous
image6801.jpg,Miscellaneous
image8292.jpg,Miscellaneous
image7673.jpg,Miscellaneous
image523.jpg,Miscellaneous
image3946.jpg,Miscellaneous
image4911.jpg,Miscellaneous
image2225.jpg,Miscellaneous
image4449.jpg,Miscellaneous
image1473.jpg,Miscellaneous
image9861.jpg,Candle
image3660.jpg,Miscellaneous
image1534.jpg,Miscellaneous
image9595.jpg,Miscellaneous
image12.jpg,Miscellaneous
image6319.jpg,Miscellaneous
image736.jpg,Miscellaneous
image9737.jpg,Miscellaneous
image8176.jpg,Miscellaneous
image2665.jpg,Miscellaneous
image5118.jpg,Miscellaneous
image1398.jpg,Miscellaneous
image2263.jpg,Miscellaneous
image6758.jpg,Miscellaneous
image5000.jpg,Miscellaneous
image7509.jpg,Miscellaneous
image6452.jpg,Miscellaneous
image4318.jpg,Miscellaneous
image6532.jpg,Miscellaneous
image2810.jpg,Miscellaneous
image1301.jpg,Miscellaneous
image3970.jpg,Miscellaneous
image4383.jpg,Miscellaneous
image1502.jpg,Miscellaneous
image2341.jpg,Miscellaneous
image5520.jpg,Miscellaneous
image5110.jpg,Miscellaneous
image4294.jpg,Miscellaneous
image9368.jpg,Miscellaneous
image9078.jpg,Miscellaneous
image3375.jpg,Miscellaneous
image3257.jpg,Miscellaneous
image4272.jpg,Miscellaneous
image4701.jpg,Miscellaneous
image7086.jpg,Miscellaneous
image5293.jpg,Miscellaneous
image6193.jpg,Miscellaneous
image4104.jpg,Miscellaneous
image8664.jpg,Miscellaneous
image3601.jpg,Miscellaneous
image5327.jpg,Miscellaneous
image527.jpg,Miscellaneous
image5778.jpg,Miscellaneous
image5125.jpg,Miscellaneous
image9446.jpg,Miscellaneous
image3538.jpg,Miscellaneous
image9395.jpg,Miscellaneous
image3062.jpg,Miscellaneous
image591.jpg,Miscellaneous
image2874.jpg,Miscellaneous
image1362.jpg,Miscellaneous
image2887.jpg,Miscellaneous
image6614.jpg,Miscellaneous
image9429.jpg,Miscellaneous
image6000.jpg,Miscellaneous
image252.jpg,Miscellaneous
image5270.jpg,Miscellaneous
image979.jpg,Miscellaneous
image9771.jpg,Miscellaneous
image5613.jpg,Miscellaneous
image7423.jpg,Miscellaneous
image476.jpg,Miscellaneous
image4990.jpg,Miscellaneous
image8536.jpg,Miscellaneous
image5702.jpg,Miscellaneous
image2975.jpg,Miscellaneous
image8647.jpg,Miscellaneous
image4683.jpg,Miscellaneous
image7325.jpg,Miscellaneous
image7628.jpg,Miscellaneous
image4705.jpg,Miscellaneous
image43.jpg,Miscellaneous
image4584.jpg,Miscellaneous
image9849.jpg,Miscellaneous
image1789.jpg,Miscellaneous
image6142.jpg,Miscellaneous
image3416.jpg,Miscellaneous
image7570.jpg,Miscellaneous
image6272.jpg,Miscellaneous
image7568.jpg,Miscellaneous
image5965.jpg,Miscellaneous
image6987.jpg,Miscellaneous
image5064.jpg,Miscellaneous
image360.jpg,Miscellaneous
image5931.jpg,Miscellaneous
image8239.jpg,Miscellaneous
image7105.jpg,Miscellaneous
image2145.jpg,Miscellaneous
image299.jpg,Miscellaneous
image2362.jpg,Miscellaneous
image3541.jpg,Christmas_Tree
image3188.jpg,Miscellaneous
image3531.jpg,Miscellaneous
image5306.jpg,Miscellaneous
image5321.jpg,Miscellaneous
image5943.jpg,Miscellaneous
image4830.jpg,Miscellaneous
image8578.jpg,Miscellaneous
image2337.jpg,Miscellaneous
image7348.jpg,Miscellaneous
image6247.jpg,Miscellaneous
image5132.jpg,Miscellaneous
image7557.jpg,Miscellaneous
image6437.jpg,Miscellaneous
image5339.jpg,Miscellaneous
image3612.jpg,Miscellaneous
image6332.jpg,Miscellaneous
image2502.jpg,Miscellaneous
image2170.jpg,Miscellaneous
image113.jpg,Miscellaneous
image9123.jpg,Miscellaneous
image1059.jpg,Miscellaneous
image7567.jpg,Miscellaneous
image7284.jpg,Miscellaneous
image4934.jpg,Miscellaneous
image5884.jpg,Miscellaneous
image8490.jpg,Miscellaneous
image4662.jpg,Miscellaneous
image9046.jpg,Miscellaneous
image1584.jpg,Miscellaneous
image7855.jpg,Miscellaneous
image5434.jpg,Miscellaneous
image4577.jpg,Miscellaneous
image5571.jpg,Miscellaneous
image7066.jpg,Miscellaneous
image13.jpg,Miscellaneous
image640.jpg,Miscellaneous
image3278.jpg,Airplane
image1257.jpg,Miscellaneous
image8949.jpg,Miscellaneous
image8229.jpg,Miscellaneous
image3032.jpg,Miscellaneous
image8963.jpg,Miscellaneous
image9282.jpg,Miscellaneous
image7643.jpg,Miscellaneous
image5554.jpg,Miscellaneous
image3349.jpg,Miscellaneous
image2674.jpg,Miscellaneous
image3499.jpg,Miscellaneous
image9162.jpg,Miscellaneous
image9644.jpg,Candle
image8869.jpg,Miscellaneous
image5191.jpg,Miscellaneous
image6120.jpg,Miscellaneous
image2819.jpg,Miscellaneous
image3611.jpg,Miscellaneous
image3827.jpg,Miscellaneous
image9470.jpg,Miscellaneous
image5552.jpg,Miscellaneous
image6805.jpg,Miscellaneous
image8281.jpg,Miscellaneous
image3899.jpg,Miscellaneous
image1320.jpg,Miscellaneous
image322.jpg,Miscellaneous
image4597.jpg,Miscellaneous
image6709.jpg,Miscellaneous
image6202.jpg,Candle
image3485.jpg,Miscellaneous
image1488.jpg,Miscellaneous
image3642.jpg,Miscellaneous
image9403.jpg,Miscellaneous
image3285.jpg,Miscellaneous
image1811.jpg,Miscellaneous
image2233.jpg,Miscellaneous
image4212.jpg,Miscellaneous
image7585.jpg,Miscellaneous
image8681.jpg,Christmas_Tree
image8945.jpg,Miscellaneous
image6405.jpg,Miscellaneous
image1809.jpg,Miscellaneous
image2180.jpg,Miscellaneous
image3390.jpg,Miscellaneous
image1768.jpg,Miscellaneous
image6038.jpg,Miscellaneous
image8058.jpg,Miscellaneous
image7090.jpg,Miscellaneous
image9321.jpg,Miscellaneous
image297.jpg,Miscellaneous
image9832.jpg,Miscellaneous
image9466.jpg,Candle
image4456.jpg,Miscellaneous
image2892.jpg,Miscellaneous
image1404.jpg,Miscellaneous
image1866.jpg,Miscellaneous
image9851.jpg,Jacket
image9664.jpg,Miscellaneous
image2343.jpg,Miscellaneous
image5954.jpg,Candle
image4975.jpg,Miscellaneous
image1527.jpg,Miscellaneous
image675.jpg,Miscellaneous
image2327.jpg,Miscellaneous
image9928.jpg,Jacket
image6212.jpg,Miscellaneous
image4054.jpg,Miscellaneous
image248.jpg,Snowman
image2473.jpg,Miscellaneous
image982.jpg,Miscellaneous
image4453.jpg,Miscellaneous
image8636.jpg,Miscellaneous
image5223.jpg,Miscellaneous
image9703.jpg,Miscellaneous
image886.jpg,Miscellaneous
image5272.jpg,Miscellaneous
image6751.jpg,Miscellaneous
image3958.jpg,Miscellaneous
image5291.jpg,Miscellaneous
image5507.jpg,Airplane
image4173.jpg,Miscellaneous
image2573.jpg,Miscellaneous
image3081.jpg,Miscellaneous
image804.jpg,Miscellaneous
image9448.jpg,Miscellaneous
image743.jpg,Miscellaneous
image1280.jpg,Miscellaneous
image2886.jpg,Miscellaneous
image4254.jpg,Miscellaneous
image7232.jpg,Miscellaneous
image4302.jpg,Miscellaneous
image4963.jpg,Miscellaneous
image1510.jpg,Miscellaneous
image1944.jpg,Miscellaneous
image6577.jpg,Miscellaneous
image5115.jpg,Miscellaneous
image6669.jpg,Miscellaneous
image560.jpg,Miscellaneous
image7124.jpg,Miscellaneous
image6622.jpg,Miscellaneous
image8249.jpg,Miscellaneous
image3489.jpg,Miscellaneous
image6632.jpg,Miscellaneous
image8923.jpg,Miscellaneous
image5367.jpg,Miscellaneous
image4186.jpg,Miscellaneous
image8761.jpg,Miscellaneous
image2052.jpg,Miscellaneous
image7579.jpg,Miscellaneous
image1885.jpg,Miscellaneous
image1389.jpg,Miscellaneous
image1231.jpg,Miscellaneous
image1779.jpg,Miscellaneous
image3522.jpg,Miscellaneous
image6924.jpg,Miscellaneous
image811.jpg,Miscellaneous
image505.jpg,Miscellaneous
image4373.jpg,Miscellaneous
image3132.jpg,Candle
image5885.jpg,Miscellaneous
image749.jpg,Miscellaneous
image854.jpg,Miscellaneous
image9692.jpg,Miscellaneous
image5726.jpg,Miscellaneous
image2486.jpg,Miscellaneous
image3478.jpg,Miscellaneous
image1916.jpg,Miscellaneous
image2542.jpg,Miscellaneous
image4285.jpg,Miscellaneous
image4092.jpg,Miscellaneous
image8006.jpg,Miscellaneous
image9565.jpg,Miscellaneous
image6489.jpg,Miscellaneous
image2066.jpg,Miscellaneous
image4517.jpg,Miscellaneous
image1754.jpg,Miscellaneous
image8456.jpg,Miscellaneous
image1126.jpg,Christmas_Tree
image4306.jpg,Miscellaneous
image199.jpg,Miscellaneous
image2289.jpg,Miscellaneous
image2476.jpg,Miscellaneous
image7759.jpg,Miscellaneous
image5717.jpg,Miscellaneous
image9603.jpg,Miscellaneous
image8810.jpg,Miscellaneous
image192.jpg,Miscellaneous
image4435.jpg,Miscellaneous
image4957.jpg,Miscellaneous
image8702.jpg,Miscellaneous
image8336.jpg,Miscellaneous
image9474.jpg,Miscellaneous
image2211.jpg,Miscellaneous
image2548.jpg,Miscellaneous
image8099.jpg,Miscellaneous
image4756.jpg,Miscellaneous
image7655.jpg,Miscellaneous
image406.jpg,Miscellaneous
image457.jpg,Miscellaneous
image897.jpg,Miscellaneous
image5106.jpg,Miscellaneous
image8568.jpg,Miscellaneous
image2156.jpg,Miscellaneous
image1043.jpg,Miscellaneous
image5631.jpg,Miscellaneous
image9608.jpg,Miscellaneous
image5240.jpg,Miscellaneous
image7311.jpg,Miscellaneous
image2983.jpg,Miscellaneous
image864.jpg,Miscellaneous
image6144.jpg,Miscellaneous
image2138.jpg,Miscellaneous
image2354.jpg,Miscellaneous
image7.jpg,Miscellaneous
image791.jpg,Miscellaneous
image2560.jpg,Miscellaneous
image380.jpg,Miscellaneous
image9115.jpg,Miscellaneous
image7477.jpg,Miscellaneous
image6168.jpg,Miscellaneous
image4268.jpg,Miscellaneous
image6973.jpg,Miscellaneous
image254.jpg,Miscellaneous
image670.jpg,Miscellaneous
image3177.jpg,Miscellaneous
image8215.jpg,Miscellaneous
image7856.jpg,Miscellaneous
image480.jpg,Christmas_Tree
image6283.jpg,Miscellaneous
image3854.jpg,Miscellaneous
image5748.jpg,Miscellaneous
image8743.jpg,Miscellaneous
image3833.jpg,Miscellaneous
image6076.jpg,Miscellaneous
image5521.jpg,Miscellaneous
image5829.jpg,Miscellaneous
image3788.jpg,Miscellaneous
image6170.jpg,Miscellaneous
image142.jpg,Miscellaneous
image4736.jpg,Miscellaneous
image329.jpg,Miscellaneous
image8892.jpg,Miscellaneous
image3305.jpg,Miscellaneous
image6537.jpg,Miscellaneous
image4965.jpg,Miscellaneous
image4278.jpg,Miscellaneous
image7239.jpg,Miscellaneous
image8065.jpg,Miscellaneous
image6919.jpg,Miscellaneous
image2020.jpg,Miscellaneous
image3159.jpg,Miscellaneous
image8781.jpg,Miscellaneous
image4751.jpg,Miscellaneous
image9317.jpg,Miscellaneous
image9433.jpg,Miscellaneous
image3746.jpg,Miscellaneous
image771.jpg,Miscellaneous
image7184.jpg,Miscellaneous
image4858.jpg,Miscellaneous
image7565.jpg,Miscellaneous
image2508.jpg,Miscellaneous
image2754.jpg,Miscellaneous
image4825.jpg,Miscellaneous
image7473.jpg,Miscellaneous
image9427.jpg,Miscellaneous
image6471.jpg,Miscellaneous
image8347.jpg,Miscellaneous
image6080.jpg,Miscellaneous
image5081.jpg,Miscellaneous
image8097.jpg,Miscellaneous
image246.jpg,Miscellaneous
image1700.jpg,Miscellaneous
image4887.jpg,Miscellaneous
image4292.jpg,Miscellaneous
image9496.jpg,Miscellaneous
image995.jpg,Miscellaneous
image3054.jpg,Miscellaneous
image7698.jpg,Miscellaneous
image3084.jpg,Miscellaneous
image6295.jpg,Miscellaneous
image9331.jpg,Miscellaneous
image3960.jpg,Miscellaneous
image6795.jpg,Miscellaneous
image6090.jpg,Miscellaneous
image4248.jpg,Miscellaneous
image229.jpg,Miscellaneous
image2649.jpg,Miscellaneous
image4185.jpg,Miscellaneous
image7983.jpg,Miscellaneous
image928.jpg,Miscellaneous
image9798.jpg,Miscellaneous
image760.jpg,Miscellaneous
image7819.jpg,Miscellaneous
image2192.jpg,Miscellaneous
image4749.jpg,Miscellaneous
image6810.jpg,Miscellaneous
image489.jpg,Miscellaneous
image8185.jpg,Miscellaneous
image324.jpg,Miscellaneous
image1086.jpg,Miscellaneous
image597.jpg,Miscellaneous
image6446.jpg,Miscellaneous
image1259.jpg,Miscellaneous
image3532.jpg,Miscellaneous
image3697.jpg,Miscellaneous
image7908.jpg,Miscellaneous
image6827.jpg,Miscellaneous
image8943.jpg,Miscellaneous
image2690.jpg,Miscellaneous
image3344.jpg,Miscellaneous
image1935.jpg,Miscellaneous
image444.jpg,Miscellaneous
image9210.jpg,Miscellaneous
image5304.jpg,Miscellaneous
image3564.jpg,Miscellaneous
image8966.jpg,Miscellaneous
image6469.jpg,Miscellaneous
image3245.jpg,Miscellaneous
image7249.jpg,Miscellaneous
image2510.jpg,Snowman
image2089.jpg,Jacket
image9717.jpg,Jacket
image3639.jpg,Jacket
image5572.jpg,Christmas_Tree
image5609.jpg,Miscellaneous
image2749.jpg,Airplane
image687.jpg,Miscellaneous
image2380.jpg,Jacket
image8382.jpg,Miscellaneous
image4943.jpg,Jacket
image5826.jpg,Miscellaneous
image5504.jpg,Miscellaneous
image5664.jpg,Miscellaneous
image2083.jpg,Miscellaneous
image4602.jpg,Jacket
image6131.jpg,Miscellaneous
image7084.jpg,Miscellaneous
image4931.jpg,Miscellaneous
image4726.jpg,Miscellaneous
image4325.jpg,Miscellaneous
image3074.jpg,Miscellaneous
image7335.jpg,Christmas_Tree
image9793.jpg,Miscellaneous
image7444.jpg,Miscellaneous
image8927.jpg,Miscellaneous
image3948.jpg,Miscellaneous
image2391.jpg,Miscellaneous
image9299.jpg,Miscellaneous
image2799.jpg,Miscellaneous
image580.jpg,Candle
image3100.jpg,Miscellaneous
image6980.jpg,Miscellaneous
image1309.jpg,Miscellaneous
image1833.jpg,Miscellaneous
image3761.jpg,Miscellaneous
image4648.jpg,Miscellaneous
image1361.jpg,Miscellaneous
image9728.jpg,Miscellaneous
image5141.jpg,Miscellaneous
image3167.jpg,Miscellaneous
image6598.jpg,Miscellaneous
image1442.jpg,Miscellaneous
image7155.jpg,Miscellaneous
image8290.jpg,Miscellaneous
image436.jpg,Miscellaneous
image2129.jpg,Miscellaneous
image7718.jpg,Miscellaneous
image6026.jpg,Miscellaneous
image9203.jpg,Miscellaneous
image393.jpg,Miscellaneous
image5628.jpg,Miscellaneous
image7472.jpg,Miscellaneous
image2396.jpg,Miscellaneous
image5545.jpg,Miscellaneous
image82.jpg,Miscellaneous
image7733.jpg,Miscellaneous
image4634.jpg,Christmas_Tree
image6257.jpg,Christmas_Tree
image8172.jpg,Christmas_Tree
image985.jpg,Christmas_Tree
image8182.jpg,Christmas_Tree
image6559.jpg,Christmas_Tree
image3885.jpg,Christmas_Tree
image5987.jpg,Christmas_Tree
image9324.jpg,Christmas_Tree
image6150.jpg,Christmas_Tree
image5812.jpg,Christmas_Tree
image2421.jpg,Christmas_Tree
image6432.jpg,Christmas_Tree
image3749.jpg,Christmas_Tree
image4498.jpg,Christmas_Tree
image6095.jpg,Christmas_Tree
image3807.jpg,Christmas_Tree
image3813.jpg,Christmas_Tree
image3847.jpg,Christmas_Tree
image171.jpg,Christmas_Tree
image7052.jpg,Christmas_Tree
image3187.jpg,Christmas_Tree
image2402.jpg,Christmas_Tree
image8805.jpg,Christmas_Tree
image2833.jpg,Christmas_Tree
image7278.jpg,Christmas_Tree
image740.jpg,Christmas_Tree
image9491.jpg,Christmas_Tree
image9174.jpg,Christmas_Tree
image4506.jpg,Christmas_Tree
image9841.jpg,Christmas_Tree
image1263.jpg,Christmas_Tree
image9337.jpg,Christmas_Tree
image9109.jpg,Christmas_Tree
image9309.jpg,Christmas_Tree
image713.jpg,Christmas_Tree
image6716.jpg,Christmas_Tree
image6217.jpg,Christmas_Tree
image5184.jpg,Christmas_Tree
image2726.jpg,Christmas_Tree
image3648.jpg,Christmas_Tree
image8967.jpg,Christmas_Tree
image1226.jpg,Christmas_Tree
image8137.jpg,Christmas_Tree
image3396.jpg,Christmas_Tree
image1996.jpg,Christmas_Tree
image5710.jpg,Christmas_Tree
image5989.jpg,Christmas_Tree
image9683.jpg,Christmas_Tree
image7297.jpg,Christmas_Tree
image55.jpg,Christmas_Tree
image8072.jpg,Christmas_Tree
image8168.jpg,Christmas_Tree
image9211.jpg,Christmas_Tree
image2673.jpg,Christmas_Tree
image7882.jpg,Christmas_Tree
image2322.jpg,Christmas_Tree
image1850.jpg,Christmas_Tree
image6527.jpg,Christmas_Tree
image8245.jpg,Christmas_Tree
image8134.jpg,Christmas_Tree
image6073.jpg,Christmas_Tree
image9569.jpg,Christmas_Tree
image5737.jpg,Christmas_Tree
image575.jpg,Christmas_Tree
image9522.jpg,Christmas_Tree
image1303.jpg,Christmas_Tree
image9000.jpg,Christmas_Tree
image9507.jpg,Christmas_Tree
image3695.jpg,Christmas_Tree
image3444.jpg,Miscellaneous
image7653.jpg,Christmas_Tree
image3470.jpg,Christmas_Tree
image927.jpg,Christmas_Tree
image6331.jpg,Christmas_Tree
image300.jpg,Christmas_Tree
image5827.jpg,Christmas_Tree
image1978.jpg,Christmas_Tree
image2561.jpg,Christmas_Tree
image6970.jpg,Christmas_Tree
image3525.jpg,Christmas_Tree
image75.jpg,Christmas_Tree
image9125.jpg,Christmas_Tree
image25.jpg,Miscellaneous
image3279.jpg,Christmas_Tree
image7794.jpg,Christmas_Tree
image5473.jpg,Christmas_Tree
image2345.jpg,Christmas_Tree
image5858.jpg,Christmas_Tree
image2597.jpg,Christmas_Tree
image3026.jpg,Christmas_Tree
image650.jpg,Christmas_Tree
image1539.jpg,Christmas_Tree
image1788.jpg,Christmas_Tree
image1460.jpg,Christmas_Tree
image4027.jpg,Christmas_Tree
image8612.jpg,Christmas_Tree
image362.jpg,Christmas_Tree
image4400.jpg,Christmas_Tree
image4281.jpg,Christmas_Tree
image9451.jpg,Christmas_Tree
image7104.jpg,Christmas_Tree
image2831.jpg,Christmas_Tree
image5699.jpg,Christmas_Tree
image7116.jpg,Christmas_Tree
image1674.jpg,Christmas_Tree
image273.jpg,Christmas_Tree
image6738.jpg,Christmas_Tree
image8709.jpg,Christmas_Tree
image8052.jpg,Christmas_Tree
image5945.jpg,Christmas_Tree
image6721.jpg,Christmas_Tree
image9519.jpg,Jacket
image5783.jpg,Christmas_Tree
image2140.jpg,Christmas_Tree
image8184.jpg,Christmas_Tree
image8235.jpg,Christmas_Tree
image8616.jpg,Christmas_Tree
image8447.jpg,Christmas_Tree
image1913.jpg,Christmas_Tree
image7850.jpg,Christmas_Tree
image969.jpg,Christmas_Tree
image4475.jpg,Christmas_Tree
image6672.jpg,Christmas_Tree
image9426.jpg,Christmas_Tree
image585.jpg,Christmas_Tree
image8903.jpg,Christmas_Tree
image1790.jpg,Christmas_Tree
image3385.jpg,Christmas_Tree
image5336.jpg,Christmas_Tree
image3018.jpg,Christmas_Tree
image7779.jpg,Christmas_Tree
image5269.jpg,Christmas_Tree
image4357.jpg,Christmas_Tree
image2847.jpg,Christmas_Tree
image1894.jpg,Christmas_Tree
image2661.jpg,Christmas_Tree
image3588.jpg,Christmas_Tree
image8433.jpg,Christmas_Tree
image5635.jpg,Christmas_Tree
image9105.jpg,Christmas_Tree
image2656.jpg,Christmas_Tree
image3071.jpg,Christmas_Tree
image3983.jpg,Christmas_Tree
image308.jpg,Christmas_Tree
image4288.jpg,Christmas_Tree
image5861.jpg,Christmas_Tree
image1175.jpg,Christmas_Tree
image1201.jpg,Christmas_Tree
image7207.jpg,Christmas_Tree
image2973.jpg,Christmas_Tree
image9186.jpg,Christmas_Tree
image7062.jpg,Christmas_Tree
image8355.jpg,Christmas_Tree
image423.jpg,Christmas_Tree
image9148.jpg,Christmas_Tree
image4589.jpg,Christmas_Tree
image3934.jpg,Christmas_Tree
image2766.jpg,Christmas_Tree
image3533.jpg,Christmas_Tree
image5256.jpg,Christmas_Tree
image8908.jpg,Christmas_Tree
image9958.jpg,Christmas_Tree
image8994.jpg,Miscellaneous
image276.jpg,Christmas_Tree
image6918.jpg,Christmas_Tree
image2700.jpg,Christmas_Tree
image5300.jpg,Christmas_Tree
image2610.jpg,Christmas_Tree
image652.jpg,Christmas_Tree
image6053.jpg,Christmas_Tree
image2681.jpg,Christmas_Tree
image9208.jpg,Christmas_Tree
image7209.jpg,Christmas_Tree
image9071.jpg,Christmas_Tree
image8842.jpg,Christmas_Tree
image7790.jpg,Christmas_Tree
image187.jpg,Christmas_Tree
image4925.jpg,Christmas_Tree
image2227.jpg,Christmas_Tree
image1167.jpg,Christmas_Tree
image5222.jpg,Christmas_Tree
image1960.jpg,Christmas_Tree
image222.jpg,Christmas_Tree
image8266.jpg,Christmas_Tree
image6320.jpg,Christmas_Tree
image7492.jpg,Christmas_Tree
image4619.jpg,Christmas_Tree
image6251.jpg,Christmas_Tree
image7768.jpg,Christmas_Tree
image6016.jpg,Christmas_Tree
image5097.jpg,Christmas_Tree
image2676.jpg,Christmas_Tree
image30.jpg,Christmas_Tree
image2616.jpg,Christmas_Tree
image6807.jpg,Christmas_Tree
image2660.jpg,Christmas_Tree
image2078.jpg,Christmas_Tree
image2566.jpg,Christmas_Tree
image8227.jpg,Christmas_Tree
image741.jpg,Christmas_Tree
image1129.jpg,Christmas_Tree
image9523.jpg,Christmas_Tree
image2480.jpg,Christmas_Tree
image3333.jpg,Christmas_Tree
image7291.jpg,Christmas_Tree
image1998.jpg,Christmas_Tree
image7944.jpg,Christmas_Tree
image5776.jpg,Christmas_Tree
image4593.jpg,Christmas_Tree
image4718.jpg,Christmas_Tree
image5632.jpg,Christmas_Tree
image2490.jpg,Christmas_Tree
image5350.jpg,Christmas_Tree
image7738.jpg,Christmas_Tree
image4847.jpg,Christmas_Tree
image211.jpg,Christmas_Tree
image519.jpg,Christmas_Tree
image3090.jpg,Christmas_Tree
image157.jpg,Christmas_Tree
image756.jpg,Christmas_Tree
image15.jpg,Christmas_Tree
image9251.jpg,Christmas_Tree
image8830.jpg,Christmas_Tree
image9517.jpg,Christmas_Tree
image6941.jpg,Christmas_Tree
image3145.jpg,Christmas_Tree
image2195.jpg,Christmas_Tree
image2270.jpg,Christmas_Tree
image4898.jpg,Christmas_Tree
image5326.jpg,Christmas_Tree
image5036.jpg,Christmas_Tree
image4804.jpg,Christmas_Tree
image1272.jpg,Christmas_Tree
image7210.jpg,Christmas_Tree
image7991.jpg,Christmas_Tree
image7905.jpg,Christmas_Tree
image9542.jpg,Christmas_Tree
image7298.jpg,Christmas_Tree
image7144.jpg,Christmas_Tree
image8417.jpg,Christmas_Tree
image5769.jpg,Christmas_Tree
image3045.jpg,Christmas_Tree
image2400.jpg,Christmas_Tree
image7772.jpg,Christmas_Tree
image4034.jpg,Christmas_Tree
image5053.jpg,Christmas_Tree
image8990.jpg,Christmas_Tree
image4867.jpg,Miscellaneous
image4234.jpg,Christmas_Tree
image6725.jpg,Christmas_Tree
image2175.jpg,Christmas_Tree
image991.jpg,Christmas_Tree
image335.jpg,Christmas_Tree
image4730.jpg,Christmas_Tree
image1815.jpg,Christmas_Tree
image1180.jpg,Christmas_Tree
image7605.jpg,Christmas_Tree
image2439.jpg,Christmas_Tree
image9298.jpg,Christmas_Tree
image2844.jpg,Christmas_Tree
image5090.jpg,Christmas_Tree
image7002.jpg,Christmas_Tree
image1351.jpg,Christmas_Tree
image6687.jpg,Christmas_Tree
image3222.jpg,Christmas_Tree
image7511.jpg,Christmas_Tree
image5914.jpg,Christmas_Tree
image8991.jpg,Christmas_Tree
image6030.jpg,Christmas_Tree
image7055.jpg,Christmas_Tree
image4192.jpg,Christmas_Tree
image8944.jpg,Christmas_Tree
image7702.jpg,Christmas_Tree
image9373.jpg,Christmas_Tree
image5120.jpg,Christmas_Tree
image6214.jpg,Christmas_Tree
image850.jpg,Christmas_Tree
image7679.jpg,Christmas_Tree
image2903.jpg,Christmas_Tree
image448.jpg,Christmas_Tree
image2624.jpg,Christmas_Tree
image461.jpg,Christmas_Tree
image2957.jpg,Christmas_Tree
image8088.jpg,Christmas_Tree
image7077.jpg,Christmas_Tree
image9292.jpg,Christmas_Tree
image3053.jpg,Christmas_Tree
image3856.jpg,Christmas_Tree
image6482.jpg,Christmas_Tree
image9017.jpg,Christmas_Tree
image5236.jpg,Christmas_Tree
image2894.jpg,Christmas_Tree
image2635.jpg,Christmas_Tree
image494.jpg,Candle
image1917.jpg,Christmas_Tree
image3700.jpg,Christmas_Tree
image2753.jpg,Christmas_Tree
image3677.jpg,Christmas_Tree
image8574.jpg,Christmas_Tree
image3479.jpg,Christmas_Tree
image7558.jpg,Christmas_Tree
image5440.jpg,Christmas_Tree
image9885.jpg,Christmas_Tree
image6364.jpg,Christmas_Tree
image3389.jpg,Christmas_Tree
image4221.jpg,Christmas_Tree
image5753.jpg,Christmas_Tree
image2552.jpg,Christmas_Tree
image9072.jpg,Christmas_Tree
image5348.jpg,Christmas_Tree
image5763.jpg,Christmas_Tree
image3407.jpg,Christmas_Tree
image9900.jpg,Christmas_Tree
image5086.jpg,Christmas_Tree
image2182.jpg,Christmas_Tree
image6732.jpg,Christmas_Tree
image9223.jpg,Christmas_Tree
image8526.jpg,Christmas_Tree
image7035.jpg,Christmas_Tree
image2817.jpg,Christmas_Tree
image3148.jpg,Christmas_Tree
image2919.jpg,Christmas_Tree
image2446.jpg,Christmas_Tree
image802.jpg,Christmas_Tree
image931.jpg,Christmas_Tree
image6681.jpg,Christmas_Tree
image2348.jpg,Christmas_Tree
image5445.jpg,Christmas_Tree
image8095.jpg,Christmas_Tree
image5401.jpg,Christmas_Tree
image7720.jpg,Christmas_Tree
image7709.jpg,Christmas_Tree
image5971.jpg,Christmas_Tree
image8677.jpg,Christmas_Tree
image1251.jpg,Christmas_Tree
image1540.jpg,Christmas_Tree
image8528.jpg,Christmas_Tree
image7467.jpg,Christmas_Tree
image8364.jpg,Christmas_Tree
image9049.jpg,Christmas_Tree
image284.jpg,Christmas_Tree
image9270.jpg,Christmas_Tree
image5575.jpg,Christmas_Tree
image8122.jpg,Christmas_Tree
image1523.jpg,Christmas_Tree
image8024.jpg,Christmas_Tree
image4346.jpg,Christmas_Tree
image7462.jpg,Christmas_Tree
image2021.jpg,Christmas_Tree
image8269.jpg,Christmas_Tree
image3537.jpg,Christmas_Tree
image1452.jpg,Christmas_Tree
image7113.jpg,Christmas_Tree
image4586.jpg,Christmas_Tree
image3308.jpg,Christmas_Tree
image2491.jpg,Snowman
image7917.jpg,Christmas_Tree
image2283.jpg,Christmas_Tree
image829.jpg,Christmas_Tree
image9653.jpg,Christmas_Tree
image5346.jpg,Christmas_Tree
image5764.jpg,Christmas_Tree
image9063.jpg,Christmas_Tree
image5796.jpg,Christmas_Tree
image3896.jpg,Christmas_Tree
image2783.jpg,Christmas_Tree
image8648.jpg,Christmas_Tree
image691.jpg,Christmas_Tree
image5310.jpg,Christmas_Tree
image6818.jpg,Christmas_Tree
image2071.jpg,Christmas_Tree
image1410.jpg,Christmas_Tree
image4869.jpg,Christmas_Tree
image9547.jpg,Christmas_Tree
image313.jpg,Christmas_Tree
image9329.jpg,Christmas_Tree
image1063.jpg,Christmas_Tree
image7350.jpg,Christmas_Tree
image6587.jpg,Christmas_Tree
image7392.jpg,Christmas_Tree
image1606.jpg,Christmas_Tree
image7515.jpg,Christmas_Tree
image4740.jpg,Christmas_Tree
image7715.jpg,Christmas_Tree
image4779.jpg,Christmas_Tree
image3883.jpg,Christmas_Tree
image9340.jpg,Christmas_Tree
image6449.jpg,Miscellaneous
image8576.jpg,Miscellaneous
image6841.jpg,Miscellaneous
image7044.jpg,Miscellaneous
image2716.jpg,Miscellaneous
image6051.jpg,Miscellaneous
image9308.jpg,Miscellaneous
image1273.jpg,Miscellaneous
image1125.jpg,Miscellaneous
image8315.jpg,Miscellaneous
image9417.jpg,Miscellaneous
image5973.jpg,Miscellaneous
image1399.jpg,Miscellaneous
image4820.jpg,Miscellaneous
image4670.jpg,Miscellaneous
image1139.jpg,Miscellaneous
image2143.jpg,Miscellaneous
image3696.jpg,Miscellaneous
image5189.jpg,Miscellaneous
image2581.jpg,Miscellaneous
image6794.jpg,Miscellaneous
image6819.jpg,Miscellaneous
image1660.jpg,Miscellaneous
image6857.jpg,Miscellaneous
image2904.jpg,Miscellaneous
image6291.jpg,Miscellaneous
image9617.jpg,Miscellaneous
image581.jpg,Miscellaneous
image49.jpg,Christmas_Tree
image6450.jpg,Miscellaneous
image1564.jpg,Miscellaneous
image8608.jpg,Miscellaneous
image2588.jpg,Miscellaneous
image9006.jpg,Miscellaneous
image1314.jpg,Miscellaneous
image7393.jpg,Miscellaneous
image4656.jpg,Miscellaneous
image5147.jpg,Miscellaneous
image9618.jpg,Miscellaneous
image1337.jpg,Miscellaneous
image9674.jpg,Miscellaneous
image874.jpg,Miscellaneous
image723.jpg,Miscellaneous
image8887.jpg,Miscellaneous
image7488.jpg,Miscellaneous
image3328.jpg,Miscellaneous
image2666.jpg,Miscellaneous
image3259.jpg,Miscellaneous
image7147.jpg,Miscellaneous
image3933.jpg,Miscellaneous
image2056.jpg,Miscellaneous
image4431.jpg,Miscellaneous
image7787.jpg,Miscellaneous
image1366.jpg,Miscellaneous
image8835.jpg,Miscellaneous
image4334.jpg,Miscellaneous
image5758.jpg,Miscellaneous
image9678.jpg,Miscellaneous
image215.jpg,Miscellaneous
image5627.jpg,Miscellaneous
image4416.jpg,Miscellaneous
image7674.jpg,Miscellaneous
image7888.jpg,Miscellaneous
image2386.jpg,Miscellaneous
image6491.jpg,Miscellaneous
image4760.jpg,Miscellaneous
image1323.jpg,Miscellaneous
image9366.jpg,Miscellaneous
image9530.jpg,Miscellaneous
image693.jpg,Miscellaneous
image7667.jpg,Miscellaneous
image6693.jpg,Miscellaneous
image7471.jpg,Candle
image9075.jpg,Candle
image5860.jpg,Candle
image3302.jpg,Candle
image9766.jpg,Candle
image5562.jpg,Miscellaneous
image5922.jpg,Candle
image8723.jpg,Christmas_Tree
image9181.jpg,Candle
image1621.jpg,Candle
image2061.jpg,Candle
image6931.jpg,Candle
image7215.jpg,Miscellaneous
image4522.jpg,Candle
image8367.jpg,Candle
image6785.jpg,Candle
image2841.jpg,Candle
image144.jpg,Candle
image3424.jpg,Candle
image9846.jpg,Candle
image5478.jpg,Candle
image2464.jpg,Candle
image8909.jpg,Candle
image7442.jpg,Candle
image3472.jpg,Candle
image8033.jpg,Candle
image8874.jpg,Candle
image3851.jpg,Candle
image7227.jpg,Candle
image8120.jpg,Christmas_Tree
image3768.jpg,Christmas_Tree
image6185.jpg,Christmas_Tree
image3165.jpg,Christmas_Tree
image1492.jpg,Christmas_Tree
image3647.jpg,Christmas_Tree
image1868.jpg,Christmas_Tree
image8710.jpg,Christmas_Tree
image6572.jpg,Christmas_Tree
image2331.jpg,Christmas_Tree
image425.jpg,Christmas_Tree
image8523.jpg,Christmas_Tree
image3384.jpg,Christmas_Tree
image8225.jpg,Christmas_Tree
image6641.jpg,Christmas_Tree
image4408.jpg,Christmas_Tree
image9483.jpg,Miscellaneous
image8854.jpg,Christmas_Tree
image2226.jpg,Christmas_Tree
image5301.jpg,Christmas_Tree
image4872.jpg,Christmas_Tree
image1509.jpg,Christmas_Tree
image3360.jpg,Christmas_Tree
image3457.jpg,Christmas_Tree
image2780.jpg,Christmas_Tree
image9873.jpg,Christmas_Tree
image8849.jpg,Christmas_Tree
image7037.jpg,Christmas_Tree
image4274.jpg,Christmas_Tree
image3645.jpg,Christmas_Tree
image4822.jpg,Christmas_Tree
image1505.jpg,Christmas_Tree
image5743.jpg,Christmas_Tree
image593.jpg,Christmas_Tree
image2014.jpg,Christmas_Tree
image6953.jpg,Christmas_Tree
image6808.jpg,Christmas_Tree
image9872.jpg,Christmas_Tree
image3550.jpg,Christmas_Tree
image5567.jpg,Christmas_Tree
image830.jpg,Christmas_Tree
image9244.jpg,Christmas_Tree
image6665.jpg,Christmas_Tree
image2896.jpg,Christmas_Tree
image1142.jpg,Christmas_Tree
image6982.jpg,Christmas_Tree
image2868.jpg,Christmas_Tree
image570.jpg,Christmas_Tree
image5355.jpg,Christmas_Tree
image1018.jpg,Christmas_Tree
image6179.jpg,Christmas_Tree
image6122.jpg,Christmas_Tree
image7683.jpg,Christmas_Tree
image9167.jpg,Christmas_Tree
image3170.jpg,Christmas_Tree
image4405.jpg,Christmas_Tree
image8390.jpg,Christmas_Tree
image2944.jpg,Christmas_Tree
image6629.jpg,Christmas_Tree
image9915.jpg,Christmas_Tree
image5215.jpg,Christmas_Tree
image6589.jpg,Christmas_Tree
image1783.jpg,Christmas_Tree
image9834.jpg,Christmas_Tree
image9444.jpg,Christmas_Tree
image4568.jpg,Christmas_Tree
image2103.jpg,Christmas_Tree
image9412.jpg,Christmas_Tree
image3922.jpg,Christmas_Tree
image2006.jpg,Christmas_Tree
image4230.jpg,Christmas_Tree
image217.jpg,Christmas_Tree
image684.jpg,Candle
image3586.jpg,Christmas_Tree
image2968.jpg,Christmas_Tree
image6465.jpg,Christmas_Tree
image153.jpg,Christmas_Tree
image8329.jpg,Christmas_Tree
image8130.jpg,Christmas_Tree
image9750.jpg,Christmas_Tree
image6189.jpg,Christmas_Tree
image8048.jpg,Christmas_Tree
image4287.jpg,Christmas_Tree
image4907.jpg,Christmas_Tree
image1948.jpg,Christmas_Tree
image6130.jpg,Christmas_Tree
image9183.jpg,Christmas_Tree
image387.jpg,Christmas_Tree
image5154.jpg,Christmas_Tree
image5250.jpg,Snowman
image8960.jpg,Christmas_Tree
image5690.jpg,Christmas_Tree
image4655.jpg,Christmas_Tree
image9141.jpg,Christmas_Tree
image2740.jpg,Christmas_Tree
image3225.jpg,Christmas_Tree
image7420.jpg,Christmas_Tree
image4022.jpg,Christmas_Tree
image2540.jpg,Christmas_Tree
image4642.jpg,Christmas_Tree
image2485.jpg,Christmas_Tree
image4297.jpg,Christmas_Tree
image2317.jpg,Christmas_Tree
image784.jpg,Christmas_Tree
image4463.jpg,Christmas_Tree
image9051.jpg,Christmas_Tree
image7867.jpg,Christmas_Tree
image9489.jpg,Christmas_Tree
image8884.jpg,Christmas_Tree
image8124.jpg,Christmas_Tree
image1085.jpg,Christmas_Tree
image7366.jpg,Christmas_Tree
image4686.jpg,Christmas_Tree
image1818.jpg,Christmas_Tree
image8888.jpg,Christmas_Tree
image87.jpg,Christmas_Tree
image6177.jpg,Christmas_Tree
image7322.jpg,Miscellaneous
image4903.jpg,Christmas_Tree
image136.jpg,Miscellaneous
image2850.jpg,Jacket
image9098.jpg,Christmas_Tree
image447.jpg,Christmas_Tree
image1346.jpg,Christmas_Tree
image7222.jpg,Christmas_Tree
image7815.jpg,Christmas_Tree
image2360.jpg,Candle
image472.jpg,Christmas_Tree
image5073.jpg,Christmas_Tree
image7078.jpg,Christmas_Tree
image1898.jpg,Christmas_Tree
image7226.jpg,Christmas_Tree
image6054.jpg,Christmas_Tree
image1429.jpg,Christmas_Tree
image60.jpg,Christmas_Tree
image973.jpg,Christmas_Tree
image1637.jpg,Christmas_Tree
image304.jpg,Christmas_Tree
image216.jpg,Christmas_Tree
image267.jpg,Christmas_Tree
image831.jpg,Christmas_Tree
image5576.jpg,Christmas_Tree
image2168.jpg,Christmas_Tree
image4332.jpg,Christmas_Tree
image4038.jpg,Christmas_Tree
image6618.jpg,Christmas_Tree
image4802.jpg,Christmas_Tree
image9151.jpg,Christmas_Tree
image1639.jpg,Christmas_Tree
image8023.jpg,Christmas_Tree
image6075.jpg,Christmas_Tree
image253.jpg,Christmas_Tree
image8694.jpg,Christmas_Tree
image9434.jpg,Christmas_Tree
image7528.jpg,Christmas_Tree
image2801.jpg,Christmas_Tree
image9679.jpg,Snowman
image8850.jpg,Christmas_Tree
image8297.jpg,Christmas_Tree
image4949.jpg,Miscellaneous
image5647.jpg,Christmas_Tree
image7943.jpg,Christmas_Tree
image5596.jpg,Christmas_Tree
image589.jpg,Christmas_Tree
image4089.jpg,Christmas_Tree
image9637.jpg,Christmas_Tree
image1161.jpg,Christmas_Tree
image3342.jpg,Miscellaneous
image1555.jpg,Christmas_Tree
image9696.jpg,Christmas_Tree
image8465.jpg,Christmas_Tree
image2186.jpg,Christmas_Tree
image9168.jpg,Christmas_Tree
image2862.jpg,Christmas_Tree
image5379.jpg,Christmas_Tree
image8606.jpg,Christmas_Tree
image9118.jpg,Christmas_Tree
image4641.jpg,Christmas_Tree
image341.jpg,Christmas_Tree
image1558.jpg,Christmas_Tree
image7329.jpg,Christmas_Tree
image5879.jpg,Christmas_Tree
image3425.jpg,Christmas_Tree
image7896.jpg,Christmas_Tree
image1307.jpg,Christmas_Tree
image3613.jpg,Christmas_Tree
image1147.jpg,Christmas_Tree
image4964.jpg,Christmas_Tree
image8289.jpg,Christmas_Tree
image8782.jpg,Christmas_Tree
image7294.jpg,Christmas_Tree
image7441.jpg,Christmas_Tree
image6568.jpg,Christmas_Tree
image9326.jpg,Christmas_Tree
image3632.jpg,Christmas_Tree
image8979.jpg,Christmas_Tree
image3758.jpg,Christmas_Tree
image474.jpg,Christmas_Tree
image1817.jpg,Christmas_Tree
image2564.jpg,Christmas_Tree
image2161.jpg,Christmas_Tree
image5767.jpg,Christmas_Tree
image7940.jpg,Christmas_Tree
image4094.jpg,Christmas_Tree
image5935.jpg,Christmas_Tree
image7198.jpg,Christmas_Tree
image7094.jpg,Christmas_Tree
image5896.jpg,Christmas_Tree
image9767.jpg,Christmas_Tree
image5406.jpg,Christmas_Tree
image933.jpg,Christmas_Tree
image7988.jpg,Christmas_Tree
image3014.jpg,Christmas_Tree
image7049.jpg,Christmas_Tree
image2836.jpg,Snowman
image7569.jpg,Christmas_Tree
image6246.jpg,Christmas_Tree
image3783.jpg,Christmas_Tree
image8932.jpg,Christmas_Tree
image2080.jpg,Christmas_Tree
image654.jpg,Christmas_Tree
image5811.jpg,Christmas_Tree
image5582.jpg,Christmas_Tree
image6729.jpg,Christmas_Tree
image6435.jpg,Christmas_Tree
image7272.jpg,Christmas_Tree
image1506.jpg,Christmas_Tree
image700.jpg,Christmas_Tree
image3810.jpg,Christmas_Tree
image615.jpg,Christmas_Tree
image975.jpg,Christmas_Tree
image4563.jpg,Christmas_Tree
image6105.jpg,Christmas_Tree
image318.jpg,Candle
image69.jpg,Christmas_Tree
image8590.jpg,Christmas_Tree
image3644.jpg,Christmas_Tree
image129.jpg,Christmas_Tree
image2774.jpg,Christmas_Tree
image2039.jpg,Christmas_Tree
image8236.jpg,Christmas_Tree
image2659.jpg,Christmas_Tree
image7058.jpg,Miscellaneous
image1412.jpg,Christmas_Tree
image4547.jpg,Christmas_Tree
image6839.jpg,Christmas_Tree
image3897.jpg,Christmas_Tree
image7576.jpg,Miscellaneous
image8421.jpg,Christmas_Tree
image4799.jpg,Christmas_Tree
image3678.jpg,Christmas_Tree
image7075.jpg,Christmas_Tree
image8470.jpg,Christmas_Tree
image483.jpg,Christmas_Tree
image2929.jpg,Christmas_Tree
image8279.jpg,Christmas_Tree
image3254.jpg,Christmas_Tree
image8492.jpg,Christmas_Tree
image5382.jpg,Christmas_Tree
image320.jpg,Christmas_Tree
image7296.jpg,Christmas_Tree
image9201.jpg,Christmas_Tree
image9464.jpg,Christmas_Tree
image5786.jpg,Christmas_Tree
image7915.jpg,Christmas_Tree
image5823.jpg,Christmas_Tree
image5704.jpg,Christmas_Tree
image4235.jpg,Christmas_Tree
image2300.jpg,Christmas_Tree
image6565.jpg,Christmas_Tree
image2644.jpg,Christmas_Tree
image1334.jpg,Christmas_Tree
image2301.jpg,Christmas_Tree
image6996.jpg,Snowman
image6730.jpg,Christmas_Tree
image5684.jpg,Miscellaneous
image6304.jpg,Christmas_Tree
image4410.jpg,Christmas_Tree
image2908.jpg,Christmas_Tree
image5544.jpg,Christmas_Tree
image9631.jpg,Christmas_Tree
image6072.jpg,Christmas_Tree
image4348.jpg,Christmas_Tree
image8284.jpg,Christmas_Tree
image5457.jpg,Christmas_Tree
image2229.jpg,Christmas_Tree
image2855.jpg,Christmas_Tree
image576.jpg,Christmas_Tree
image9844.jpg,Snowman
image1747.jpg,Christmas_Tree
image2304.jpg,Christmas_Tree
image4716.jpg,Miscellaneous
image7589.jpg,Christmas_Tree
image2912.jpg,Christmas_Tree
image5864.jpg,Miscellaneous
image8116.jpg,Christmas_Tree
image1479.jpg,Christmas_Tree
image6065.jpg,Christmas_Tree
image5583.jpg,Christmas_Tree
image1994.jpg,Christmas_Tree
image2505.jpg,Christmas_Tree
image5471.jpg,Christmas_Tree
image1352.jpg,Christmas_Tree
image1547.jpg,Christmas_Tree
image2244.jpg,Christmas_Tree
image9881.jpg,Christmas_Tree
image5494.jpg,Christmas_Tree
image4952.jpg,Christmas_Tree
image326.jpg,Christmas_Tree
image7096.jpg,Christmas_Tree
image5303.jpg,Christmas_Tree
image5610.jpg,Christmas_Tree
image1703.jpg,Christmas_Tree
image2888.jpg,Christmas_Tree
image6849.jpg,Christmas_Tree
image1440.jpg,Candle
image4391.jpg,Christmas_Tree
image4009.jpg,Christmas_Tree
image7056.jpg,Christmas_Tree
image660.jpg,Christmas_Tree
image8699.jpg,Christmas_Tree
image9705.jpg,Christmas_Tree
image1114.jpg,Candle
image487.jpg,Christmas_Tree
image7176.jpg,Christmas_Tree
image5522.jpg,Christmas_Tree
image8268.jpg,Christmas_Tree
image8479.jpg,Christmas_Tree
image8725.jpg,Christmas_Tree
image669.jpg,Christmas_Tree
image3786.jpg,Christmas_Tree
image9502.jpg,Christmas_Tree
image408.jpg,Christmas_Tree
image7621.jpg,Christmas_Tree
image3058.jpg,Christmas_Tree
image4710.jpg,Christmas_Tree
image4117.jpg,Christmas_Tree
image8151.jpg,Christmas_Tree
image4542.jpg,Christmas_Tree
image5054.jpg,Christmas_Tree
image3341.jpg,Christmas_Tree
image8000.jpg,Christmas_Tree
image2619.jpg,Miscellaneous
image9953.jpg,Christmas_Tree
image4843.jpg,Christmas_Tree
image7422.jpg,Christmas_Tree
image8858.jpg,Christmas_Tree
image1218.jpg,Christmas_Tree
image4133.jpg,Christmas_Tree
image3968.jpg,Christmas_Tree
image6624.jpg,Christmas_Tree
image9082.jpg,Christmas_Tree
image5891.jpg,Christmas_Tree
image6508.jpg,Christmas_Tree
image6459.jpg,Christmas_Tree
image7098.jpg,Christmas_Tree
image1879.jpg,Christmas_Tree
image9632.jpg,Christmas_Tree
image6182.jpg,Christmas_Tree
image3845.jpg,Christmas_Tree
image6007.jpg,Christmas_Tree
image5799.jpg,Christmas_Tree
image3153.jpg,Christmas_Tree
image5781.jpg,Christmas_Tree
image8989.jpg,Christmas_Tree
image2657.jpg,Christmas_Tree
image4489.jpg,Christmas_Tree
image7395.jpg,Christmas_Tree
image139.jpg,Christmas_Tree
image6768.jpg,Christmas_Tree
image1730.jpg,Christmas_Tree
image427.jpg,Christmas_Tree
image4798.jpg,Christmas_Tree
image6402.jpg,Christmas_Tree
image2120.jpg,Christmas_Tree
image5503.jpg,Christmas_Tree
image1792.jpg,Christmas_Tree
image1029.jpg,Christmas_Tree
image8975.jpg,Christmas_Tree
image6256.jpg,Christmas_Tree
image5921.jpg,Christmas_Tree
image6503.jpg,Christmas_Tree
image7885.jpg,Christmas_Tree
image7165.jpg,Christmas_Tree
image5277.jpg,Christmas_Tree
image3852.jpg,Christmas_Tree
image701.jpg,Christmas_Tree
image4837.jpg,Christmas_Tree
image4180.jpg,Christmas_Tree
image2015.jpg,Christmas_Tree
image5095.jpg,Christmas_Tree
image2012.jpg,Christmas_Tree
image9756.jpg,Christmas_Tree
image6797.jpg,Christmas_Tree
image4679.jpg,Christmas_Tree
image452.jpg,Miscellaneous
image1791.jpg,Christmas_Tree
image9735.jpg,Christmas_Tree
image2057.jpg,Christmas_Tree
image5031.jpg,Christmas_Tree
image3414.jpg,Christmas_Tree
image5412.jpg,Christmas_Tree
image3744.jpg,Christmas_Tree
image8557.jpg,Christmas_Tree
image5648.jpg,Christmas_Tree
image2247.jpg,Christmas_Tree
image5685.jpg,Christmas_Tree
image6855.jpg,Miscellaneous
image2043.jpg,Christmas_Tree
image5541.jpg,Christmas_Tree
image7898.jpg,Christmas_Tree
image844.jpg,Christmas_Tree
image1738.jpg,Christmas_Tree
image6008.jpg,Christmas_Tree
image8950.jpg,Christmas_Tree
image9670.jpg,Christmas_Tree
image6636.jpg,Christmas_Tree
image1711.jpg,Christmas_Tree
image2830.jpg,Christmas_Tree
image6697.jpg,Christmas_Tree
image5247.jpg,Christmas_Tree
image9315.jpg,Christmas_Tree
image7127.jpg,Christmas_Tree
image8653.jpg,Christmas_Tree
image7268.jpg,Christmas_Tree
image3614.jpg,Christmas_Tree
image646.jpg,Christmas_Tree
image7126.jpg,Christmas_Tree
image4497.jpg,Christmas_Tree
image1157.jpg,Christmas_Tree
image1763.jpg,Christmas_Tree
image3229.jpg,Miscellaneous
image7332.jpg,Christmas_Tree
image1576.jpg,Miscellaneous
image6169.jpg,Snowman
image5711.jpg,Snowman
image5305.jpg,Snowman
image5039.jpg,Snowman
image9094.jpg,Snowman
image3905.jpg,Snowman
image1930.jpg,Snowman
image1596.jpg,Snowman
image5525.jpg,Snowman
image4986.jpg,Snowman
image9606.jpg,Miscellaneous
image2628.jpg,Snowman
image5825.jpg,Snowman
image196.jpg,Miscellaneous
image5418.jpg,Miscellaneous
image2330.jpg,Christmas_Tree
image941.jpg,Snowman
image8277.jpg,Snowman
image4426.jpg,Snowman
image7415.jpg,Snowman
image4977.jpg,Snowman
image2770.jpg,Snowman
image9500.jpg,Miscellaneous
image7106.jpg,Christmas_Tree
image4854.jpg,Snowman
image6829.jpg,Candle
image4945.jpg,Snowman
image1906.jpg,Snowman
image770.jpg,Snowman
image4365.jpg,Snowman
image6926.jpg,Snowman
image8080.jpg,Snowman
image4533.jpg,Miscellaneous
image4451.jpg,Miscellaneous
image4060.jpg,Snowman
image6936.jpg,Snowman
image568.jpg,Snowman
image8426.jpg,Snowman
image9041.jpg,Miscellaneous
image4446.jpg,Snowman
image4438.jpg,Snowman
image925.jpg,Christmas_Tree
image345.jpg,Snowman
image5407.jpg,Snowman
image7549.jpg,Snowman
image4682.jpg,Miscellaneous
image5850.jpg,Snowman
image6596.jpg,Snowman
image8529.jpg,Snowman
image4620.jpg,Snowman
image3627.jpg,Snowman
image8633.jpg,Snowman
image8863.jpg,Snowman
image3680.jpg,Snowman
image9377.jpg,Snowman
image2381.jpg,Christmas_Tree
image3655.jpg,Snowman
image3526.jpg,Snowman
image3653.jpg,Snowman
image2545.jpg,Snowman
image2164.jpg,Snowman
image8524.jpg,Snowman
image8550.jpg,Snowman
image389.jpg,Miscellaneous
image2827.jpg,Snowman
image243.jpg,Snowman
image898.jpg,Snowman
image8712.jpg,Snowman
image5760.jpg,Snowman
image7170.jpg,Snowman
image4442.jpg,Snowman
image4966.jpg,Snowman
image1230.jpg,Snowman
image8125.jpg,Snowman
image2741.jpg,Snowman
image2996.jpg,Snowman
image6935.jpg,Christmas_Tree
image8261.jpg,Snowman
image520.jpg,Snowman
image8068.jpg,Snowman
image3495.jpg,Miscellaneous
image3772.jpg,Snowman
image5640.jpg,Snowman
image5034.jpg,Miscellaneous
image7204.jpg,Snowman
image9313.jpg,Snowman
image9462.jpg,Miscellaneous
image340.jpg,Snowman
image2956.jpg,Snowman
image6119.jpg,Snowman
image5634.jpg,Snowman
image6249.jpg,Snowman
image9552.jpg,Jacket
image534.jpg,Snowman
image579.jpg,Snowman
image6434.jpg,Snowman
image2992.jpg,Snowman
image4013.jpg,Snowman
image1484.jpg,Snowman
image5108.jpg,Snowman
image5486.jpg,Airplane
image1663.jpg,Snowman
image4198.jpg,Snowman
image3512.jpg,Snowman
image2928.jpg,Snowman
image688.jpg,Snowman
image3507.jpg,Snowman
image4156.jpg,Miscellaneous
image2966.jpg,Snowman
image8542.jpg,Snowman
image5599.jpg,Snowman
image702.jpg,Snowman
image349.jpg,Snowman
image788.jpg,Snowman
image7777.jpg,Snowman
image3592.jpg,Snowman
image5404.jpg,Snowman
image2946.jpg,Christmas_Tree
image1031.jpg,Christmas_Tree
image370.jpg,Miscellaneous
image3973.jpg,Miscellaneous
image8815.jpg,Christmas_Tree
image1932.jpg,Miscellaneous
image5905.jpg,Miscellaneous
image3395.jpg,Miscellaneous
image3466.jpg,Miscellaneous
image7583.jpg,Miscellaneous
image4269.jpg,Miscellaneous
image6253.jpg,Miscellaneous
image6387.jpg,Candle
image3200.jpg,Christmas_Tree
image2392.jpg,Miscellaneous
image5462.jpg,Miscellaneous
image9947.jpg,Miscellaneous
image1430.jpg,Miscellaneous
image3284.jpg,Miscellaneous
image2913.jpg,Christmas_Tree
image8838.jpg,Miscellaneous
image3912.jpg,Miscellaneous
image715.jpg,Miscellaneous
image1968.jpg,Christmas_Tree
image5374.jpg,Miscellaneous
image148.jpg,Miscellaneous
image5075.jpg,Jacket
image5245.jpg,Miscellaneous
image5877.jpg,Christmas_Tree
image7043.jpg,Miscellaneous
image4885.jpg,Miscellaneous
image7452.jpg,Christmas_Tree
image2196.jpg,Miscellaneous
image8129.jpg,Miscellaneous
image1965.jpg,Christmas_Tree
image9790.jpg,Miscellaneous
image6787.jpg,Candle
image57.jpg,Christmas_Tree
image1014.jpg,Miscellaneous
image3143.jpg,Christmas_Tree
image4064.jpg,Miscellaneous
image8839.jpg,Miscellaneous
image6966.jpg,Miscellaneous
image3500.jpg,Candle
image4454.jpg,Miscellaneous
image3756.jpg,Miscellaneous
image6050.jpg,Miscellaneous
image7803.jpg,Candle
image3184.jpg,Candle
image281.jpg,Candle
image2731.jpg,Candle
image2291.jpg,Miscellaneous
image7318.jpg,Candle
image7981.jpg,Miscellaneous
image3413.jpg,Miscellaneous
image3379.jpg,Miscellaneous
image559.jpg,Christmas_Tree
image2407.jpg,Miscellaneous
image8050.jpg,Christmas_Tree
image4226.jpg,Miscellaneous
image3975.jpg,Candle
image2620.jpg,Candle
image7009.jpg,Candle
image3702.jpg,Christmas_Tree
image7895.jpg,Candle
image2324.jpg,Miscellaneous
image4326.jpg,Christmas_Tree
image541.jpg,Candle
image4205.jpg,Miscellaneous
image9465.jpg,Candle
image7480.jpg,Candle
image5313.jpg,Candle
image4264.jpg,Candle
image3804.jpg,Miscellaneous
image1693.jpg,Miscellaneous
image3859.jpg,Christmas_Tree
image2312.jpg,Christmas_Tree
image747.jpg,Miscellaneous
image6404.jpg,Snowman
image5420.jpg,Candle
image8856.jpg,Candle
image1841.jpg,Christmas_Tree
image4738.jpg,Miscellaneous
image2438.jpg,Candle
image2481.jpg,Candle
image1633.jpg,Miscellaneous
image7349.jpg,Snowman
image1221.jpg,Candle
image4181.jpg,Christmas_Tree
image1382.jpg,Miscellaneous
image6604.jpg,Miscellaneous
image8403.jpg,Candle
image2891.jpg,Miscellaneous
image9830.jpg,Christmas_Tree
image5802.jpg,Miscellaneous
image664.jpg,Christmas_Tree
image1433.jpg,Candle
image4935.jpg,Candle
image7894.jpg,Miscellaneous
image9702.jpg,Candle
image9054.jpg,Christmas_Tree
image2087.jpg,Miscellaneous
image4940.jpg,Miscellaneous
image7275.jpg,Candle
image5813.jpg,Candle
image7710.jpg,Candle
image3244.jpg,Miscellaneous
image9708.jpg,Candle
image8774.jpg,Miscellaneous
image2190.jpg,Miscellaneous
image3377.jpg,Miscellaneous
image5595.jpg,Candle
image7523.jpg,Candle
image4324.jpg,Miscellaneous
image1120.jpg,Miscellaneous
image1459.jpg,Candle
image828.jpg,Miscellaneous
image2513.jpg,Candle
image1607.jpg,Candle
image3604.jpg,Candle
image1515.jpg,Candle
image7389.jpg,Candle
image7574.jpg,Candle
image9568.jpg,Miscellaneous
image2815.jpg,Candle
image6240.jpg,Candle
image1709.jpg,Candle
image6798.jpg,Candle
image3577.jpg,Miscellaneous
image6523.jpg,Candle
image4397.jpg,Candle
image3569.jpg,Candle
image3009.jpg,Miscellaneous
image6068.jpg,Miscellaneous
image1245.jpg,Candle
image5586.jpg,Candle
image6847.jpg,Candle
image9243.jpg,Candle
image3025.jpg,Miscellaneous
image5323.jpg,Candle
image7947.jpg,Candle
image4849.jpg,Candle
image4564.jpg,Candle
image233.jpg,Candle
image6429.jpg,Miscellaneous
image66.jpg,Candle
image7405.jpg,Candle
image9140.jpg,Candle
image3388.jpg,Candle
image5592.jpg,Candle
image8307.jpg,Candle
image9905.jpg,Candle
image5770.jpg,Candle
image6354.jpg,Candle
image8987.jpg,Candle
image2358.jpg,Candle
image1729.jpg,Candle
image6042.jpg,Candle
image3693.jpg,Candle
image9659.jpg,Candle
image1778.jpg,Miscellaneous
image3762.jpg,Miscellaneous
image8459.jpg,Candle
image8276.jpg,Candle
image5900.jpg,Miscellaneous
image1993.jpg,Candle
image7793.jpg,Christmas_Tree
image8462.jpg,Candle
image5734.jpg,Candle
image145.jpg,Candle
image8064.jpg,Candle
image6895.jpg,Candle
image460.jpg,Miscellaneous
image6964.jpg,Candle
image203.jpg,Candle
image2987.jpg,Candle
image3207.jpg,Candle
image4082.jpg,Candle
image6384.jpg,Candle
image8775.jpg,Candle
image7266.jpg,Candle
image3169.jpg,Candle
image9304.jpg,Candle
image5560.jpg,Candle
image3802.jpg,Candle
image1672.jpg,Candle
image7535.jpg,Candle
image6400.jpg,Candle
image5419.jpg,Candle
image9870.jpg,Miscellaneous
image3770.jpg,Candle
image3226.jpg,Candle
image6350.jpg,Candle
image563.jpg,Candle
image3882.jpg,Candle
image9338.jpg,Candle
image9062.jpg,Candle
image9473.jpg,Candle
image9218.jpg,Candle
image9038.jpg,Candle
image7687.jpg,Candle
image4786.jpg,Candle
image4200.jpg,Candle
image613.jpg,Candle
image6069.jpg,Candle
image454.jpg,Candle
image8812.jpg,Candle
image4690.jpg,Candle
image3506.jpg,Miscellaneous
image7213.jpg,Candle
image9564.jpg,Candle
image3582.jpg,Candle
image2771.jpg,Candle
image9516.jpg,Miscellaneous
image5126.jpg,Candle
image8872.jpg,Miscellaneous
image5872.jpg,Candle
image1478.jpg,Candle
image3496.jpg,Candle
image3469.jpg,Miscellaneous
image4518.jpg,Candle
image6806.jpg,Candle
image7493.jpg,Christmas_Tree
image263.jpg,Candle
image1396.jpg,Candle
image7581.jpg,Candle
image6010.jpg,Candle
image4125.jpg,Candle
image9375.jpg,Candle
image6037.jpg,Candle
image2306.jpg,Candle
image1645.jpg,Candle
image2499.jpg,Candle
image6159.jpg,Candle
image6714.jpg,Candle
image5130.jpg,Candle
image1344.jpg,Candle
image5356.jpg,Candle
image8370.jpg,Candle
image9952.jpg,Miscellaneous
image5373.jpg,Candle
image7870.jpg,Candle
image4289.jpg,Candle
image5722.jpg,Candle
image8580.jpg,Candle
image5438.jpg,Candle
image3557.jpg,Candle
image5235.jpg,Candle
image2786.jpg,Candle
image4076.jpg,Candle
image502.jpg,Miscellaneous
image2889.jpg,Candle
image6415.jpg,Candle
image536.jpg,Candle
image3803.jpg,Candle
image3192.jpg,Candle
image4765.jpg,Candle
image3624.jpg,Christmas_Tree
image2733.jpg,Candle
image3941.jpg,Candle
image9657.jpg,Candle
image3728.jpg,Candle
image3539.jpg,Candle
image9087.jpg,Candle
image2461.jpg,Candle
image738.jpg,Miscellaneous
image6141.jpg,Candle
image8764.jpg,Miscellaneous
image3723.jpg,Candle
image9526.jpg,Candle
image3657.jpg,Candle
image9286.jpg,Candle
image4926.jpg,Candle
image3914.jpg,Candle
image2273.jpg,Candle
image5260.jpg,Miscellaneous
image2319.jpg,Miscellaneous
image9804.jpg,Candle
image1061.jpg,Candle
image3070.jpg,Candle
image7721.jpg,Candle
image632.jpg,Candle
image5932.jpg,Candle
image227.jpg,Candle
image6863.jpg,Snowman
image3461.jpg,Miscellaneous
image7952.jpg,Candle
image7547.jpg,Candle
image6602.jpg,Candle
image7931.jpg,Candle
image4196.jpg,Candle
image3421.jpg,Christmas_Tree
image5368.jpg,Candle
image9279.jpg,Candle
image6385.jpg,Candle
image5777.jpg,Candle
image9740.jpg,Candle
image6039.jpg,Christmas_Tree
image5810.jpg,Candle
image4300.jpg,Candle
image5678.jpg,Candle
image6862.jpg,Candle
image9868.jpg,Candle
image4349.jpg,Candle
image7196.jpg,Candle
image8393.jpg,Miscellaneous
image7817.jpg,Candle
image1171.jpg,Candle
image2941.jpg,Miscellaneous
image27.jpg,Candle
image8045.jpg,Candle
image4572.jpg,Candle
image2978.jpg,Candle
image9083.jpg,Candle
image742.jpg,Candle
image9241.jpg,Candle
image6838.jpg,Candle
image1316.jpg,Candle
image1796.jpg,Candle
image3874.jpg,Candle
image9332.jpg,Candle
image6995.jpg,Candle
image526.jpg,Candle
image1078.jpg,Candle
image4548.jpg,Candle
image1034.jpg,Candle
image9229.jpg,Candle
image4897.jpg,Candle
image4103.jpg,Candle
image301.jpg,Candle
image1787.jpg,Candle
image714.jpg,Candle
image4680.jpg,Candle
image7686.jpg,Candle
image4929.jpg,Candle
image2643.jpg,Candle
image7045.jpg,Candle
image2586.jpg,Candle
image678.jpg,Candle
image768.jpg,Candle
image3866.jpg,Jacket
image6909.jpg,Jacket
image3462.jpg,Jacket
image3150.jpg,Jacket
image8687.jpg,Jacket
image4448.jpg,Jacket
image6340.jpg,Jacket
image7774.jpg,Jacket
image6533.jpg,Jacket
image7639.jpg,Jacket
image9858.jpg,Jacket
image7843.jpg,Jacket
image1055.jpg,Jacket
image1617.jpg,Jacket
image8727.jpg,Jacket
image3930.jpg,Jacket
image9599.jpg,Jacket
image9028.jpg,Jacket
image5837.jpg,Jacket
image3227.jpg,Jacket
image2298.jpg,Jacket
image8118.jpg,Jacket
image8798.jpg,Jacket
image8107.jpg,Jacket
image3186.jpg,Jacket
image4643.jpg,Jacket
image4609.jpg,Jacket
image9721.jpg,Jacket
image1013.jpg,Jacket
image6027.jpg,Jacket
image1100.jpg,Jacket
image5461.jpg,Jacket
image305.jpg,Jacket
image2843.jpg,Jacket
image9898.jpg,Jacket
image3737.jpg,Jacket
image6478.jpg,Jacket
image1406.jpg,Jacket
image5258.jpg,Jacket
image8378.jpg,Jacket
image5524.jpg,Jacket
image125.jpg,Jacket
image7489.jpg,Jacket
image8251.jpg,Jacket
image9379.jpg,Jacket
image35.jpg,Jacket
image6110.jpg,Jacket
image5870.jpg,Jacket
image3380.jpg,Jacket
image6640.jpg,Jacket
image5668.jpg,Jacket
image9940.jpg,Jacket
image6481.jpg,Jacket
image2399.jpg,Jacket
image912.jpg,Jacket
image62.jpg,Jacket
image4594.jpg,Jacket
image5694.jpg,Jacket
image4916.jpg,Jacket
image3605.jpg,Jacket
image7253.jpg,Jacket
image7598.jpg,Jacket
image655.jpg,Jacket
image8374.jpg,Jacket
image5653.jpg,Jacket
image8803.jpg,Jacket
image1557.jpg,Jacket
image7723.jpg,Jacket
image9285.jpg,Miscellaneous
image8794.jpg,Jacket
image9654.jpg,Airplane
image3286.jpg,Airplane
image2924.jpg,Airplane
image9681.jpg,Airplane
image7357.jpg,Airplane
image3317.jpg,Miscellaneous
image8753.jpg,Airplane
image7102.jpg,Airplane
image8304.jpg,Airplane
image4753.jpg,Airplane
image7791.jpg,Airplane
image8907.jpg,Airplane
image1673.jpg,Airplane
image8940.jpg,Airplane
image5677.jpg,Airplane
image6149.jpg,Airplane
image818.jpg,Airplane
image1181.jpg,Airplane
image9314.jpg,Airplane
image6609.jpg,Airplane
image1829.jpg,Airplane
image5028.jpg,Airplane
image2482.jpg,Airplane
image2911.jpg,Airplane
image8857.jpg,Airplane
image5430.jpg,Airplane
image8594.jpg,Miscellaneous
image2350.jpg,Airplane
image9259.jpg,Airplane
image1947.jpg,Airplane
image100.jpg,Airplane
image707.jpg,Airplane
image7111.jpg,Airplane
image659.jpg,Miscellaneous
image1752.jpg,Airplane
image9880.jpg,Airplane
image633.jpg,Airplane
image6865.jpg,Airplane
image8474.jpg,Airplane
image1835.jpg,Candle
image33.jpg,Airplane
image1289.jpg,Airplane
image6782.jpg,Airplane
image2614.jpg,Airplane
image7258.jpg,Airplane
image966.jpg,Airplane
image3597.jpg,Airplane
image6483.jpg,Airplane
image9512.jpg,Airplane
image6178.jpg,Airplane
image2215.jpg,Airplane
image8394.jpg,Airplane
image6991.jpg,Airplane
image105.jpg,Airplane
image9539.jpg,Airplane
image7306.jpg,Airplane
image8707.jpg,Airplane
image2099.jpg,Airplane
image2997.jpg,Airplane
image5004.jpg,Airplane
image438.jpg,Airplane
image8957.jpg,Airplane
image8027.jpg,Airplane
image8398.jpg,Airplane
image127.jpg,Miscellaneous
image4814.jpg,Airplane
image8339.jpg,Airplane
image7287.jpg,Airplane
image6930.jpg,Airplane
image8407.jpg,Airplane
image8267.jpg,Airplane
image9676.jpg,Airplane
image1030.jpg,Airplane
image4688.jpg,Airplane
image4689.jpg,Airplane
image5317.jpg,Airplane
image4668.jpg,Airplane
image7153.jpg,Airplane
image4188.jpg,Airplane
image5109.jpg,Airplane
image2930.jpg,Airplane
image3789.jpg,Airplane
image4875.jpg,Airplane
image8898.jpg,Airplane
image5296.jpg,Airplane
image3911.jpg,Airplane
image4255.jpg,Airplane
image7564.jpg,Airplane
image755.jpg,Airplane
image61.jpg,Airplane
image4388.jpg,Miscellaneous
image2647.jpg,Airplane
image8142.jpg,Miscellaneous
image6104.jpg,Airplane
image6300.jpg,Airplane
image6321.jpg,Airplane
image1345.jpg,Airplane
image3346.jpg,Airplane
image1662.jpg,Airplane
image6393.jpg,Airplane
image4421.jpg,Airplane
image289.jpg,Airplane
image6504.jpg,Airplane
image4045.jpg,Airplane
image2541.jpg,Airplane
image7873.jpg,Airplane
image1233.jpg,Airplane
image8432.jpg,Airplane
image2004.jpg,Airplane
image5158.jpg,Airplane
image4704.jpg,Miscellaneous
image5390.jpg,Airplane
image1052.jpg,Airplane
image7524.jpg,Airplane
image9307.jpg,Airplane
image7034.jpg,Airplane
image6647.jpg,Airplane
image4674.jpg,Airplane
image5273.jpg,Airplane
image3411.jpg,Airplane
image9814.jpg,Airplane
image9064.jpg,Airplane
image4673.jpg,Airplane
image118.jpg,Airplane
image7214.jpg,Miscellaneous
image7654.jpg,Miscellaneous
image6198.jpg,Airplane
image4982.jpg,Airplane
image3961.jpg,Airplane
image8012.jpg,Airplane
image9472.jpg,Airplane
image8657.jpg,Airplane
image4316.jpg,Airplane
image531.jpg,Airplane
image4821.jpg,Miscellaneous
image921.jpg,Airplane
image8343.jpg,Airplane
image6763.jpg,Airplane
image984.jpg,Airplane
image3493.jpg,Airplane
image5771.jpg,Airplane
image3154.jpg,Airplane
image3137.jpg,Airplane
image7954.jpg,Miscellaneous
image3233.jpg,Airplane
image5845.jpg,Airplane
image2842.jpg,Airplane
image5530.jpg,Airplane
image4135.jpg,Airplane
image4337.jpg,Airplane
image6833.jpg,Airplane
image5002.jpg,Airplane
image8090.jpg,Airplane
image553.jpg,Miscellaneous
image8900.jpg,Airplane
image6014.jpg,Airplane
image6238.jpg,Airplane
image1051.jpg,Airplane
image1220.jpg,Airplane
image5590.jpg,Airplane
image3950.jpg,Airplane
image1200.jpg,Airplane
image1177.jpg,Airplane
image6852.jpg,Airplane
image2790.jpg,Airplane
image1023.jpg,Airplane
image9540.jpg,Airplane
image4359.jpg,Miscellaneous
image6555.jpg,Airplane
image9351.jpg,Airplane
image7975.jpg,Airplane
image7080.jpg,Airplane
image5761.jpg,Airplane
image8906.jpg,Airplane
image1824.jpg,Airplane
image2063.jpg,Airplane
image6516.jpg,Airplane
image4824.jpg,Airplane
image2712.jpg,Airplane
image2720.jpg,Airplane
image107.jpg,Airplane
image8463.jpg,Airplane
image1683.jpg,Airplane
image9912.jpg,Airplane
image3306.jpg,Airplane
image4370.jpg,Airplane
image3403.jpg,Airplane
image4774.jpg,Airplane
image5953.jpg,Airplane
image7234.jpg,Airplane
image9490.jpg,Airplane
image9376.jpg,Airplane
image7460.jpg,Airplane
image1419.jpg,Airplane
image5913.jpg,Airplane
image3937.jpg,Airplane
image1951.jpg,Airplane
image7047.jpg,Miscellaneous
image8715.jpg,Airplane
image7650.jpg,Airplane
image7640.jpg,Airplane
image2107.jpg,Airplane
image8207.jpg,Airplane
image2519.jpg,Miscellaneous
image1282.jpg,Airplane
image1773.jpg,Miscellaneous
image5105.jpg,Airplane
image455.jpg,Airplane
image9219.jpg,Airplane
image6531.jpg,Airplane
image7879.jpg,Airplane
image8253.jpg,Airplane
image7479.jpg,Airplane
image7336.jpg,Airplane
image5549.jpg,Airplane
image1516.jpg,Airplane
image5344.jpg,Airplane
image7097.jpg,Miscellaneous
image5516.jpg,Miscellaneous
image9716.jpg,Airplane
image2113.jpg,Airplane
image11.jpg,Airplane
image7358.jpg,Airplane
image5952.jpg,Airplane
image4839.jpg,Airplane
image6585.jpg,Airplane
image816.jpg,Airplane
image4719.jpg,Airplane
image8013.jpg,Airplane
image5278.jpg,Airplane
image4093.jpg,Airplane
image5254.jpg,Airplane
image5353.jpg,Airplane
image5746.jpg,Airplane
image2023.jpg,Airplane
image1739.jpg,Airplane
image7824.jpg,Airplane
image364.jpg,Airplane
image7657.jpg,Airplane
image8670.jpg,Airplane
image7175.jpg,Airplane
image52.jpg,Airplane
image8751.jpg,Airplane
image2667.jpg,Airplane
image8299.jpg,Airplane
image918.jpg,Miscellaneous
image8351.jpg,Airplane
image3095.jpg,Airplane
image6649.jpg,Airplane
image9196.jpg,Airplane
image4336.jpg,Airplane
image4611.jpg,Airplane
image9268.jpg,Miscellaneous
image893.jpg,Airplane
image1305.jpg,Airplane
image2950.jpg,Airplane
image7177.jpg,Airplane
image7529.jpg,Airplane
image5160.jpg,Airplane
image8384.jpg,Miscellaneous
image682.jpg,Airplane
image2162.jpg,Airplane
image9741.jpg,Airplane
image6997.jpg,Miscellaneous
image2572.jpg,Airplane
image4261.jpg,Airplane
image7893.jpg,Airplane
image2528.jpg,Airplane
image8554.jpg,Airplane
image9878.jpg,Airplane
image5673.jpg,Airplane
image2218.jpg,Miscellaneous
image3027.jpg,Airplane
image8793.jpg,Airplane
image9418.jpg,Airplane
image8108.jpg,Airplane
image7615.jpg,Airplane
image2607.jpg,Airplane
image74.jpg,Airplane
image8559.jpg,Airplane
image6667.jpg,Airplane
image126.jpg,Airplane
image8924.jpg,Airplane
image1242.jpg,Airplane
image6209.jpg,Airplane
image6781.jpg,Miscellaneous
image7484.jpg,Candle
image9960.jpg,Candle
image9039.jpg,Candle
image4312.jpg,Candle
image4055.jpg,Candle
image9949.jpg,Candle
image1550.jpg,Candle
image2873.jpg,Candle
image789.jpg,Candle
image1757.jpg,Candle
image6606.jpg,Miscellaneous
image4108.jpg,Candle
image6710.jpg,Candle
image8392.jpg,Candle
image694.jpg,Candle
image8241.jpg,Miscellaneous
image9775.jpg,Candle
image213.jpg,Candle
image8502.jpg,Candle
image5683.jpg,Candle
image7716.jpg,Candle
image967.jpg,Candle
image6791.jpg,Miscellaneous
image6074.jpg,Candle
image2876.jpg,Candle
image4954.jpg,Candle
image1820.jpg,Candle
image9146.jpg,Candle
image3213.jpg,Candle
image262.jpg,Candle
image5312.jpg,Candle
image6464.jpg,Candle
image137.jpg,Candle
image6314.jpg,Candle
image7978.jpg,Candle
image3203.jpg,Snowman
image1934.jpg,Snowman
image1183.jpg,Snowman
image1614.jpg,Snowman
image8588.jpg,Snowman
image8811.jpg,Christmas_Tree
image8652.jpg,Snowman
image1679.jpg,Miscellaneous
image8986.jpg,Snowman
image8587.jpg,Snowman
image5349.jpg,Snowman
image3041.jpg,Snowman
image626.jpg,Snowman
image2933.jpg,Snowman
image9685.jpg,Snowman
image5366.jpg,Snowman
image3392.jpg,Christmas_Tree
image269.jpg,Snowman
image3252.jpg,Snowman
image776.jpg,Snowman
image1093.jpg,Snowman
image6689.jpg,Snowman
image3301.jpg,Miscellaneous
image9398.jpg,Snowman
image9853.jpg,Snowman
image5360.jpg,Snowman
image4622.jpg,Snowman
image4070.jpg,Snowman
image5135.jpg,Snowman
image8189.jpg,Snowman
image9388.jpg,Jacket
image837.jpg,Miscellaneous
image4452.jpg,Miscellaneous
image1886.jpg,Snowman
image1110.jpg,Snowman
image2029.jpg,Miscellaneous
image1264.jpg,Snowman
image731.jpg,Snowman
image2351.jpg,Snowman
image1145.jpg,Snowman
image1498.jpg,Snowman
image3042.jpg,Snowman
image3323.jpg,Snowman
image1365.jpg,Snowman
image498.jpg,Snowman
image3116.jpg,Snowman
image7755.jpg,Snowman
image583.jpg,Snowman
image2719.jpg,Snowman
image2905.jpg,Snowman
image543.jpg,Jacket
image5674.jpg,Snowman
image9166.jpg,Snowman
image1902.jpg,Snowman
image6210.jpg,Snowman
image7957.jpg,Miscellaneous
image8147.jpg,Snowman
image8395.jpg,Snowman
image7562.jpg,Snowman
image2532.jpg,Christmas_Tree
image1417.jpg,Snowman
image3780.jpg,Snowman
image64.jpg,Miscellaneous
image1562.jpg,Snowman
image7279.jpg,Christmas_Tree
image9246.jpg,Snowman
image7286.jpg,Snowman
image5731.jpg,Snowman
image1435.jpg,Snowman
image9848.jpg,Jacket
image4788.jpg,Jacket
image916.jpg,Jacket
image1480.jpg,Jacket
image2497.jpg,Jacket
image9037.jpg,Jacket
image6752.jpg,Jacket
image8132.jpg,Jacket
image6985.jpg,Jacket
image8159.jpg,Jacket
image3250.jpg,Jacket
image8922.jpg,Jacket
image2615.jpg,Jacket
image1490.jpg,Miscellaneous
image7948.jpg,Jacket
image5974.jpg,Jacket
image7737.jpg,Jacket
image3913.jpg,Jacket
image2645.jpg,Jacket
image6066.jpg,Jacket
image2475.jpg,Jacket
image2425.jpg,Jacket
image6927.jpg,Jacket
image3313.jpg,Jacket
image8449.jpg,Jacket
image5359.jpg,Jacket
image1869.jpg,Jacket
image3111.jpg,Jacket
image9596.jpg,Jacket
image9867.jpg,Jacket
image8287.jpg,Miscellaneous
image9943.jpg,Jacket
image8328.jpg,Jacket
image8337.jpg,Jacket
image6458.jpg,Jacket
image7807.jpg,Jacket
image5801.jpg,Jacket
image7708.jpg,Jacket
image8224.jpg,Jacket
image946.jpg,Jacket
image2646.jpg,Jacket
image3205.jpg,Jacket
image781.jpg,Jacket
image9149.jpg,Jacket
image3247.jpg,Jacket
image3821.jpg,Jacket
image8917.jpg,Jacket
image4150.jpg,Jacket
image1861.jpg,Miscellaneous
image6124.jpg,Jacket
image6928.jpg,Jacket
image8628.jpg,Jacket
image4713.jpg,Jacket
image6275.jpg,Jacket
image4347.jpg,Jacket
image4209.jpg,Jacket
image5482.jpg,Jacket
image312.jpg,Jacket
image1270.jpg,Jacket
image2154.jpg,Jacket
image6500.jpg,Jacket
image2011.jpg,Jacket
image4193.jpg,Jacket
image1279.jpg,Jacket
image6163.jpg,Jacket
image5897.jpg,Jacket
image7230.jpg,Jacket
image4309.jpg,Jacket
image9859.jpg,Jacket
image3830.jpg,Jacket
image3082.jpg,Jacket
image9524.jpg,Jacket
image3904.jpg,Jacket
image582.jpg,Jacket
image8675.jpg,Jacket
image686.jpg,Jacket
image8272.jpg,Jacket
image7918.jpg,Jacket
image6484.jpg,Jacket
image8799.jpg,Jacket
image4921.jpg,Jacket
image1277.jpg,Jacket
image8618.jpg,Jacket
image6903.jpg,Jacket
image2150.jpg,Jacket
image298.jpg,Jacket
image7582.jpg,Jacket
image6896.jpg,Jacket
image8738.jpg,Jacket
image2364.jpg,Jacket
image4646.jpg,Jacket
image4665.jpg,Jacket
image7427.jpg,Jacket
image492.jpg,Jacket
image7199.jpg,Jacket
image1087.jpg,Jacket
image4378.jpg,Jacket
image4659.jpg,Jacket
image3578.jpg,Jacket
image665.jpg,Jacket
image6832.jpg,Jacket
image6232.jpg,Jacket
image6099.jpg,Jacket
image6279.jpg,Jacket
image3641.jpg,Jacket
image5593.jpg,Jacket
image1127.jpg,Jacket
image2171.jpg,Jacket
image712.jpg,Jacket
image1040.jpg,Jacket
image6033.jpg,Jacket
image7691.jpg,Jacket
image3556.jpg,Jacket
image9704.jpg,Jacket
image6463.jpg,Jacket
image2685.jpg,Jacket
image1801.jpg,Jacket
image6474.jpg,Jacket
image2939.jpg,Jacket
image3004.jpg,Jacket
image5096.jpg,Jacket
image9152.jpg,Jacket
image5145.jpg,Jacket
image1843.jpg,Jacket
image3881.jpg,Jacket
image2123.jpg,Jacket
image3718.jpg,Jacket
image440.jpg,Jacket
image9305.jpg,Jacket
image8776.jpg,Jacket
image3110.jpg,Jacket
image535.jpg,Jacket
image7033.jpg,Jacket
image9560.jpg,Jacket
image5016.jpg,Jacket
image5849.jpg,Jacket
image4236.jpg,Jacket
image6329.jpg,Jacket
image7783.jpg,Jacket
image2479.jpg,Jacket
image7363.jpg,Jacket
image386.jpg,Jacket
image8779.jpg,Jacket
image2047.jpg,Jacket
image462.jpg,Jacket
image2984.jpg,Jacket
image4794.jpg,Jacket
image3015.jpg,Jacket
image7417.jpg,Jacket
image6047.jpg,Jacket
image2076.jpg,Jacket
image6121.jpg,Jacket
image180.jpg,Jacket
image5585.jpg,Jacket
image7969.jpg,Jacket
image6747.jpg,Jacket
image1670.jpg,Jacket
image6822.jpg,Jacket
image7997.jpg,Miscellaneous
image390.jpg,Jacket
image7059.jpg,Jacket
image9510.jpg,Jacket
image2148.jpg,Jacket
image3475.jpg,Jacket
image8101.jpg,Jacket
image1570.jpg,Jacket
image572.jpg,Jacket
image2884.jpg,Jacket
image1042.jpg,Jacket
image2067.jpg,Jacket
image3127.jpg,Jacket
image2034.jpg,Jacket
image8247.jpg,Jacket
image7903.jpg,Jacket
image5384.jpg,Jacket
image1283.jpg,Christmas_Tree
image1424.jpg,Jacket
image1150.jpg,Jacket
image9110.jpg,Jacket
image3736.jpg,Jacket
image5644.jpg,Jacket
image1097.jpg,Jacket
image8970.jpg,Jacket
image7933.jpg,Christmas_Tree
image1990.jpg,Jacket
image8982.jpg,Jacket
image8218.jpg,Jacket
image8571.jpg,Jacket
image7661.jpg,Jacket
image6520.jpg,Jacket
image5163.jpg,Jacket
image3740.jpg,Jacket
image724.jpg,Jacket
image7265.jpg,Jacket
image1733.jpg,Jacket
image1035.jpg,Jacket
image5246.jpg,Jacket
image3793.jpg,Jacket
image7396.jpg,Jacket
image2849.jpg,Jacket
image5170.jpg,Miscellaneous
image4764.jpg,Jacket
image8043.jpg,Jacket
image7788.jpg,Jacket
image5051.jpg,Jacket
image5424.jpg,Jacket
image2181.jpg,Jacket
image398.jpg,Jacket
image9484.jpg,Jacket
image2045.jpg,Jacket
image8491.jpg,Jacket
image997.jpg,Jacket
image4414.jpg,Jacket
image671.jpg,Miscellaneous
image2915.jpg,Jacket
image942.jpg,Jacket
image2265.jpg,Jacket
image1370.jpg,Jacket
image9788.jpg,Jacket
image6859.jpg,Jacket
image3314.jpg,Jacket
image2895.jpg,Jacket
image9097.jpg,Jacket
image6759.jpg,Jacket
image1743.jpg,Jacket
image8326.jpg,Jacket
image3312.jpg,Jacket
image4528.jpg,Jacket
image37.jpg,Jacket
image6488.jpg,Jacket
image7447.jpg,Jacket
image4946.jpg,Jacket
image4098.jpg,Jacket
image9150.jpg,Jacket
image1062.jpg,Jacket
image1687.jpg,Jacket
image5271.jpg,Jacket
image2429.jpg,Jacket
image3945.jpg,Jacket
image3040.jpg,Jacket
image4692.jpg,Jacket
image2002.jpg,Jacket
image1021.jpg,Jacket
image992.jpg,Jacket
image285.jpg,Jacket
image2530.jpg,Jacket
image2024.jpg,Jacket
image7216.jpg,Jacket
image5443.jpg,Jacket
image7459.jpg,Jacket
image1385.jpg,Jacket
image7706.jpg,Miscellaneous
image8807.jpg,Jacket
image2821.jpg,Jacket
image353.jpg,Jacket
image3420.jpg,Jacket
image1254.jpg,Jacket
image592.jpg,Jacket
image4240.jpg,Jacket
image3646.jpg,Jacket
image1466.jpg,Jacket
image959.jpg,Jacket
image5511.jpg,Jacket
image5871.jpg,Jacket
image3363.jpg,Jacket
image2417.jpg,Jacket
image601.jpg,Jacket
image7334.jpg,Jacket
image8958.jpg,Jacket
